userName,at,content,score,thumbsUpCount
Hussien Sayd,2024-04-20T03:06:24,يغلق البرنامج بشكل تلقائي عند الضغط على diary واضطر لمتابعة السعرات من خلال الموقع. ولكن التطبيق أسرع وأسهل. فى حالة نسيان الباسورد احيانا لا يصل البريد الإلكتروني أو يكون هناك خلل ف عملية تسجيل الدخول,5,156
Sa6am alharbi,2022-11-23T20:14:21,تطبيق أسطوري لكن يحتاج لتحديث للبيانات لأن الغالب انها قديمة وبتحتاج في كل مره تضيف وجبة انك تعدل على بيانات الوجبة اللي موجودة بالتطبيق وبأستطاعتك تعدل وتحفظها في خانت وجباتك المفضلة طبعاً عرفت بعد التخبيص بشكل كبير ،،,5,48
مستخدم Google,2020-01-15T14:51:00,تطبيق مفيد جدا ورائع… لقد غير حياتي للأفضل للذين يقولون انهم لا يستطيعون الدخول بالبريد الإلكتروني ف على الاغلب التطبيق لا يقبل الناس تحت عمر ال١٨… وللذين يقولون ان البرنامج لا يدعم اللغة العربية…يستطيعون ان يستعملوا اي تطبيق معجم للترجمة…,5,141
Daniah Aladhami,2023-08-07T10:16:53,التطبيق ممتاز جدا وانا استخدمه منذ عدة سنوات لكن هذه الفترة لا يقبل ادخال الاكل ولم اعرف ماهي المشكلة مسحت التطبيق واعدت تنزيله مرة اخرى ولا زالت المشكلة موجودة عندما اقوم بادخال الاكل يتم مسحه مباشرة اتمنى ان تقوموا بحل هذه المشكلة,5,74
Life ٠٠,2022-07-03T08:57:58,أجمل تطبيق الي اقدر احسب فيه الماكروز بدقة وله مميزات كثيرة الي عنده مشكلة ايقاف التطبيق كل ما دخل احذفه وارجع تنزيله وادخل بنفس الإيميل يشتغل معاك بدون ماتنحذف بياناتك,5,43
مستخدم Google,2019-04-15T10:31:47,برنامج اكثر من رائع بسيط وسهل ويمكن ربطة بسهولة بتطبيق Samsung Health وتسجيل القراءات من الساعة الذكية يتميز التطبيق بانه يدعم اللغة العربية في إدخال الوجبات وسوف تجد جميع الاكلات الشعبية فقط سجل الكمية وتابع الماكرو .. استخدمت التطبيق المجاني لمدة شهر وسوف اشترك في المدفوع لمدة سنة برنامج نزلت بفضل الله اولا ثم متابعة التطبيق ٤ كيلو ..التطبيق يستاهل وزنه ذهب شكرا لكم,5,286
شام سلفية الهوى,2022-08-17T11:54:38,اللي ما عم يقدر يشغل التطبيق يجرب يدخل الموقع على جوجل نفس الاسم ويدخل اذا اشتغل معناها المشكلة بالجوال ، الجوال إصداره قديم أنا بجوالي القديم بطل يشتغل وجربت كتير من غير فائدة لما غيرت الجوال اشتغل,5,43
محمد وائل,2024-04-18T22:47:38,هناك مشكله فى التطبيق فى Android يقوم البرنامج بالاغلاق بدون سبب عندما اقوم بالدخول على Diary ولكن على iPhone يعمل بشكل جيد وهذا بنفس البريد الإلكتروني !!! مع الأسف سوف أقوم بإزالة التطبيق ///تعديل تم حل المشكله بحذف الحساب نهائيا وإعاده التسجيل بنفس البريد الإلكتروني,5,50
SHAYKHAH,2023-12-01T10:56:11,البرنامج مفيد جداً اذا اشتركة في البرنامج بتلقى ميزات افضل بس عن نفسي مكتفيه بنسخه المجانيه و اشوفه حيل مفيد و يفك ازمه,5,33
Ra E,2020-05-20T02:53:03,البرنامج جدا مفيد وخدمني كثيرا ، لكن اواجه مشكله لا استطيع الرفع او شراء ال premium جهازي note 10 lite اتمنى ان اجد الحل ؟ وشكرا لكم,5,45
amazing* girl,2023-09-09T02:06:51,اول مرة اقيم حاجة بممتاز وخمس نجوم، البرنامج حلو واحلي ميزة انه في امكانية، قراءة الباركود ومعرفه المنتج والكالوريز اللي فيه وكمان فية معظم الاكلات اللي في الحياه بانواعها مع تحديد الكمية، وهو مش بس للتخسيس كمان للنحافة وللحفاظ علي الصحة انت بتختار برنامجك ونظامك، سواء خسارة او زيادة وزن او غيره بس العيب هو انه لو انت مش بتعرف English خاالص فبلاش تحمله لانك هتتعب اوي ممكن، تبحث عن حاجة بالعربي يارب اكون فيدتكم انصح بتحميله 😉👍,5,0
MR. Hajjaj,2020-06-01T22:37:01,يا جماعة الخير التطبيق اضع له كل تفاصيل كاملة لإنشاء الحساب وعند وصول النقطة USRname اضع له يوز يكتب لي رسال ان البرنامج غير قادر على Validat الاسم وبيقول حاول لاحقا وانا هي ثاني مرة احذف تطبيق وحمله ما العمل جوال نوعة سامسنج S3New ارجو الحل,5,6
Asmaa Samer,2020-05-14T17:45:02,التطبيق رائع جدااا بس اتمنى الاختيارات فى الاكل تكون دقيقه فى اشياء ممكن مبعرفش اوصلها ولكن هو ساعدنى كتير خسيت حوالى 14 كيلو,5,3
مستخدم Google,2018-09-18T03:57:40,البرنامج جميييل ولكن حذفته وجيت ارجعه تانى كتبلى هذا التطبيق ربما لا يعمل عل جهازك ارجو اصلاح هذه المشكله لانى بجد بحاجة لهذا البرنامج وشكرا,5,24
مستخدم Google,2019-08-17T17:07:30,هو برنامج رائع ولكن انا من عام 2006 ولا يمكنني التسجيل وأرجو أن يسمح لي بتسجيل الدخول,5,149
ali almalki,2024-02-11T14:55:50,برنامج مفيد لكل من يرغب في إنقاص وزنه بطريقة علمية دقيقة,5,9
Mohamed Husain,2024-12-16T19:55:09,تطبيق جميل بس لو يدعم اللغه العربيه افضل أتمنى ينزل تحديث باللغه العربيه قريبا,5,1
Karim Karoud,2021-09-06T15:46:44,تطبيق جميلة لكن لا يدعم اللغة العربية 😔,5,7
مستخدم Google,2019-07-22T10:36:59,برنامج روعة واستخدامه سهل ويتيح اضافة وتكوين اطعمة,5,60
Abdul Rahman Alhmdan,2025-04-22T00:49:50,جميل ولكن نحتاج لغة عربية داخل التطبيق,5,148
اال التن,2023-11-23T09:36:51,البرنامج مفيييد و رائع بس ما يدعم اللغه العربيه هذا هو عيبو الوحيد,5,10
Bashar Gharibou,2020-05-10T17:53:36,لا يوجد في هذا البرنامج اللغة العربية كيف علينا ان نتعامل مع هذا البرنامج ونحن لا نعلم اللغة الأنكليزية,5,346
علي محمد سالم,2020-08-14T16:03:25,البرنامج روعه جداً لو تضيفو اللغه العربيه,5,11
لاتفكر لها مدبر,2020-10-20T18:40:27,تطبيق ممتاز لمن يهتم بصحته سواء في زياده وزنك او نزوله,5,46
Zeinab,2021-05-05T23:51:57,تطبيق جميل ورائع... 💜ولكن يرجى تنزيل اللغة العربية من اجل الناس العرب كون التطبيق جميل ولديه شعبية كبيرة.... ☺️ومع ذلك أقيمة بخمس نجوم ☺️,5,5
Khtam Matar,2020-09-14T04:56:32,ممتاز جدا وسهل وبه اللغة العربية وانصح بيه,5,5
Fatima Aljarrah,2020-04-29T19:52:47,برنامج فااااااشل حاولت انشئ حساب بإستخدام أكثر من إيميل وما زبط ما بستاهل ولا نجمه,5,18
Waleed adjou,2022-06-04T01:34:30,نريد اللغة العربية في تطبيق,5,117
Ab _R,2020-12-15T20:55:53,جميل واذا تضيفو لغة عربية مرة راح يكون جامد,5,1
فووف,2020-12-26T21:18:08,هو جميل وممتاز بس ماعندي لغه تعبت من الترجمه شلون الغي اشتراكي؟,5,171
خديجه احمد,2021-06-27T09:08:52,جميل جدا وسهل وبسيط، كل شيء واضح 😍💕,5,19
مستخدم Google,2019-01-06T08:10:25,أفضل تطبيق للسعرات الحرارية الحمد لله بفضل من الله ثم بهالتطبيق نزل وزني مع رياضة ساعة يوميا.. عدد السعرات اليومية 1500,5,176
Feda'a AL,2021-09-18T16:55:10,رهيب يحسبلي السعرات بالضبط بس الشي السلبي طريقه اضافه اكل غير موجود بالتطبيق ما تشتغل يقهر,5,1
محمد الدرديري,2025-12-07T16:09:15,رهيب وراح اجربه الان,5,0
مستخدم Google,2019-08-29T11:39:17,يحتاج لإضافة اللغة العربية,5,53
Amoon Adel,2024-02-20T00:05:11,يساعدني على الاتزام تطبيق رائع وسلس,5,0
مستخدم Google,2019-09-10T05:32:30,جميل جميل جداً ومفيد في حساب السعرات. 🌷,5,6
Dk K,2025-12-29T22:38:38,التطبيق رائع جدا والله اني جربت جدا جدا مفيد,5,0
مستخدم Google,2019-07-03T05:31:54,التطبيق ممتاز مره واقدر احسب فيه سعراتي اللي احتاجها وخسرت وزن 12 كيلو منه الحمدلله اني عرفت هالتطبيق 😚😚😚😚😚😚😚😚😚😚😚😚😚😚😚😚,5,26
محمد ق4يم,2024-03-05T17:16:46,برنامج رائع جدا ومفيد لتنظيم الحياة,5,0
مستخدم Google,2019-01-06T07:49:49,مفيد جدا لمن يرد اتباع نظام غذائي,5,22
مستخدم Google,2019-11-16T01:12:54,ممتاز الي مايعرف انكليزي يكدر يحمل ترجمه كوكل ويستفاد 🙂😛😘,5,2
tarek abdelgalil,2023-01-28T14:08:48,برنامج ممتاز بيحسب السعرات بدقه,5,0
Rehab Naruto,2023-06-13T14:17:30,تقدر تكتب لغة عربي في بحث الوجبات,5,1
مستخدم Google,2018-09-26T14:09:42,جيد جدا ولكن الإعلانات كثيرة,5,12
روزا روزا,2025-03-16T13:10:25,اول مرة اجربه لكنني اتمنى لو تتوفر اللغة العربية الرجاء ❤❤,5,92
ahmed asasey,2020-08-23T13:17:44,احسن برنامج ساعدنى ان اخسر وزن وكسب عضلات بحساب السعرات الحراريه,5,8
mohammed al,2021-05-24T09:26:39,حطو اللغة العربية التطبيق افضل تطبيق ف الوطن العربي وشكرا,5,57
تركي الجميلي,2025-12-20T12:24:53,تطبيق اسطوري خلاني احس بتطور,5,0
Zahra Alsaadi,2025-08-04T23:30:15,تطبيق جدا فخم و فعال 💪✌👌,5,11
مستخدم Google,2020-03-24T19:02:16,برنامج جميل بس لو فى عربى هيبا احسن,5,28
Nour Awni,2021-10-07T16:10:29,هل استطيع ان اضيف عدة اصناف في نفس الوقت,5,10
مستخدم Google,2020-01-16T13:41:30,تجربه رائعه روعه تستحق عشرة نجوم لا تكفي خمسة نجوم,5,2
Majed All,2024-04-11T21:26:03,البرنامج بعد التحديث يغلق تلقاي مااقدر استخدمة,5,3
سعيد,2021-04-24T14:05:07,كتير حلو بس محتاج لغه عربيه,5,94
مستخدم Google,2019-03-20T11:23:27,ي اخوان انا ما بيفتح معي التطبيق يقلي الايميل غلط او الرقم سري مع انو لمن اروح عن طريق قوقل بيفتح معي. شو الحل ؟ ومين بيصير معو هيك ؟,5,32
محمد غانم,2020-12-23T22:54:35,جميل وارجو ان يتوفر باللغه العربيه,5,54
مستخدم Google,2019-04-06T01:10:46,special one برنامج ممتاز ورائع,5,2
مستخدم Google,2019-08-01T11:50:53,رائعة جدا وسهلة وانا مبسوطة فيها,5,8
Ghimkn Mkn,2020-06-27T22:44:54,راااائع جدا بس مؤخرا واجهت مشكلة بعلق معي المرجو اصلاح ذلك,5,4
soma samsm,2021-06-15T02:51:28,بجد تحفه وبيساعد ان الوزن ينزل وبيوضح حقايق كتير عن اكلنا,5,10
مستخدم Google,2019-03-20T00:06:36,برنامج رائع ويوجد كل الاطعمه,5,3
مستخدم Google,2018-11-06T08:09:46,أفضل برنامج لتنظيم السعرات الحرارية والمحافظة على جسم متناسق شكرا جزيلا,5,29
Mohamad nour Ibrahim,2023-07-23T15:17:37,الرجاء أضافة اللغة العربية وشكراً لجهودكم,5,1
ilham ahdili,2020-05-26T22:54:27,تطبيق رائع اتمنى ان يكون خيار اللغة العربية,5,77
مستخدم Google,2019-11-13T16:19:38,لماذا لا يدعم الغه العربيه هاذه أهم شيئ في البرنامج,5,261
Abd Elrahman,2025-04-23T16:12:14,ممتاز جدا وان شاء الله هكمل معاه وهخس,5,0
Ahmed Allam,2023-09-04T12:12:35,ممتاز و صديق للرشاقة حقا,5,0
PIXEL0L,2024-01-19T16:23:43,ممتاز جدا تطبيق رائع و مفيد,5,0
مستخدم Google,2019-12-30T08:03:47,من أعظم التطبيقات التي عرفتها في حياتي شكرا لكم افادني بشكل لا يمكن تصوره thank you very much 🥰🥰,5,52
مستخدم Google,2019-05-08T21:14:07,ليش ما في باللغة العربية الفصحى أنا لا أفهم لغة الانجليزية 😭💔أني حزين جدأ،,5,13
مستخدم Google,2019-08-12T23:56:49,برنامج قمه الروعه انصح به,5,15
asdasd asdasd,2021-05-19T23:55:48,لازم يكون بلعربي اشو نحن فهمنا بلأنكليزي عملوا متلو بلعربي أغلب يلي منزلينو عرب,5,22
Muhammed X,2021-03-31T23:10:53,من افضل التطبيقات لحساب السعرات الحرارية يستهل اكتر من خمس نجوم😁,5,3
Youssef Ellahioui,2023-05-20T02:26:30,جميل و يساعد في تنمية صحتك,5,10
مستخدم Google,2018-10-24T11:52:38,ارجو ان يكون هناك لغة العربيه,5,10
مستخدم Google,2020-04-14T22:05:58,ممتاز بس نتمني يكون منه بلعربي,5,2
مستخدم Google,2020-01-02T05:09:18,رائع واكثر من هيك كتير بيسط,5,1
Bndr 90,2020-08-19T04:20:19,ممتاز ما استغنى عنه ممتاز,5,8
يوسف زكريا,2020-12-13T23:06:14,برنامج جميل جدا,5,4
abdulaziz abubaker,2023-09-05T04:56:58,تطبيق جميل جدا وسلس 🤍,5,1
AL3ntri officaiL,2020-10-20T00:06:32,ممتاز لاكنه بالانجليزية فقط,5,0
Mustafa Mustafa,2022-02-08T10:37:15,ممتاز جدا انصح به,5,2
Om Mahmood,2022-01-07T09:27:22,برنامج اكثر من رائع,5,14
مستخدم Google,2020-04-19T20:15:20,برنامج رائع جدا جدا,5,9
مستخدم Google,2019-06-11T01:30:52,أفضل برنامج على الإطلاق,5,5
Abdulaziz Faisal Mohammed Al-gumaei,2020-09-19T05:09:44,برنامج رهيب جداً,5,13
ammar ghaleb,2021-10-31T20:08:36,مفيد جدا جدا 👍🏻,5,3
abeer queen,2020-08-20T19:59:36,برنامج رائع جدا,5,9
مستخدم Google,2019-12-03T17:02:18,برنامج رائع جدا,5,11
مستخدم Google,2020-03-31T17:54:21,رائع، قاعدة بياناته عملاقة,5,9
Kaled Kaled,2022-06-12T01:33:49,جميل جدا ماشاء الله ♥,5,0
مستخدم Google,2019-12-13T18:28:13,برنامج ممتاز ما شاء الله,5,3
Fatma Adel,2024-09-04T01:36:02,رائع و مفيد,5,0
Hamoudi Oumar,2023-07-25T17:34:52,رائع 🤩جدا أنصح بتجربته,5,0
مستخدم Google,2019-07-17T11:40:41,فنان اتحدى في برنامج زيه او احسن منه ☹♥️,5,19
Adel Mohammed,2020-11-12T19:54:00,رائع جدآ جدآ ممتاااااااااز,5,0
Saad Mram,2020-11-13T07:28:01,قصصالتسلسلي انتلامتصاص لن تنط نمط بحجج بل بلاط ذ,5,1
Azdin Lgarhe,2021-01-07T19:19:10,ممكن اللغة العربية رجاء,5,3
مستخدم Google,2020-02-25T14:59:09,يغنيك عن اي خبير غذائي، تطبيق رائع,5,12
Rawan Alqahtani,2020-07-21T17:38:26,ممتاز جدا يخدم العربي و الانجليزي. لكن اول مرة تدخل الوزن يحسب لك بالفاصلة بعدها لازم تدخل رقم صحيح يا ليت تعدلوا هالنقطة,4,187
MOHAMED,2024-04-24T09:43:03,أصبح التطبيق يتم غلقه بدون سبب خاصة عند فتح my dairy رحاء حل المشكلة في اقرب فرصة فانا اعتمد عليه كثيراً في حساب سعراتي,4,1
Mohammed Al-abdulsalam,2023-11-19T21:49:31,التطبيق ممتاز ورائع ولكن توجد مشكلة عند محاولة الدخول إلى قسم الصيام المتقطع في التطبيق(يعلق و يخرجني من التطبيق ).,4,16
ali alshomari,2024-04-24T19:23:59,السلام عليكم ورحمة الله وبركاته بعد التحديث. وقبل التحديث المشكله يخرج لوحده. البرنامج,4,29
عايد العطوي,2020-12-02T12:39:01,جميل جدا ولكن اتمنى ان يتوفر باللغه العربيه في أقرب وقت,4,295
Abdulmalek,2021-07-23T18:33:16,ممتاز .. لكن ليته يدعم اللغة العربية,4,9
مستخدم Google,2019-12-05T18:19:18,تطبيق ممتاز انه الافضل لاكن يجب إضافة اللغة العربية 😔👌,4,12
Abeer,2024-03-05T17:13:35,التطبيق كان ممتاز لكن صار الباركود يتطلب اشتراك وهالشي مو حلو,4,13
أسلام محمد,2024-10-22T09:53:14,البرنامج ممتاز ولكن ارجو اضافه اللغه العربيه,4,1
مستخدم Google,2018-09-18T23:46:22,اخر تحديث م يشتغل عندي ابد قبل كنت ادخل عادي بس الحين شاشه بيضا بس ولا يطلع لي فيها اي شيء,4,28
Wisam Almoharb,2022-12-20T17:45:39,تطبيق ممتاز أعطيته 4 نجوم لأن لايتوفر فيه اللغة العربية,4,1
مستخدم Google,2020-02-25T14:07:13,ممتاز مره حصلت فيه مأكولات شعبية ما توقعتها بس لو يخلوة بالعربي بيكون احسن برنامج 🙄🙄 ارجو من المطورين العمل علي النسخه العربيه زي ما البحث في المأكولات بالعربي,4,7
Hanaa Alwadaani,2020-09-23T01:02:31,البرنامج رائع ناقصه لغه عربيه ويكتمل,4,19
Abdelrhman Ragab,2024-01-04T18:11:33,التطبيق ممتاز لكنهو يحتاج الي الغة العربية.,4,0
مستخدم Google,2019-01-07T22:27:50,تطبيق رائع ولكن نتمنى بأول تحديث إنه يدعم اللغة العربية,4,16
alma,2025-02-25T22:47:04,كيف يمكنني تحويل البرنامج للغة العربية؟ لا يمكنني تحويل البرنامج الى اللغة العربية ارجوا المساعدة,4,217
Ruviis,2020-11-22T09:24:57,مره جيد وكويس لولا ان ما يعرضلك نسخه البريميوم دايم بيصير جدا جميل,4,2
Ghaith AL Hussin,2021-04-16T03:42:57,التطبيق رائع ولكن أرجو إضافة اللغة العربية,4,187
مستخدم Google,2019-06-23T01:32:34,ينقصه تعريب الاعدادات فقط,4,19
renad asharf,2022-02-25T15:11:29,ليش ما في ميزه بالعربي عشان الكل يستفيد,4,81
KH. MOMEN,2020-12-16T02:04:34,جميل ويجب أن تضاف اللغه العربيه,4,34
مستخدم Google,2019-10-20T12:12:17,كان رح يكون ممتاز لو صار نسخة عربية منه,4,0
خالد السلامي,2023-08-10T04:05:16,اتمنى ان تضيفوا اللغة العربية,4,0
Sameh abd elmenem,2021-03-22T02:36:09,ياريت يا جماعه نراسل الشركه صاحبة البرنامج ونطالبها بإضافة اللغه العربيه البرنامج لأن عددنا كبير,4,2
مستخدم Google,2019-09-01T15:50:15,نرجو اضافة اللغة العربية للبرنامج,4,257
مستخدم Google,2019-01-19T13:05:58,البرنامج ممتاز لاكن ليس دقيق,4,4
amir,2021-04-30T23:59:47,ممتاز لكن عربي مو موجودة,4,50
عزان المشيفري,2021-01-06T21:12:29,نرغب بإضافة اللغة العربية,4,3
مستخدم Google,2019-02-01T20:56:13,رائع لاكن لماذا ليس هناك لغه عربيه ؟ الرجاء النظر لهذه الموضوع وعمل لغه عربيه,4,12
Tahaziglali Taga,2024-08-07T04:22:33,تطبيق حلو وجيد ونريد لغه عربيه واتمنى ان تلبو طلبي,4,1
hada bassam,2021-05-08T14:12:46,تطبيق سهل الاستعمال ومفيد,4,9
مستخدم Google,2019-01-07T11:33:18,ياريت يكون ف لغه عربيه يكون اروع,4,5
Olap,2024-12-15T13:41:41,حلو بس تكفوون ادعمو اللغه العربيه,4,153
نمنم,2023-04-17T18:56:16,رجائا إضافة اللغه العربيه لان اكثر المستخدمون من العرب,4,1
Haya,2022-01-13T19:38:24,اتمنى يكون فيه عربي وربي لو يحطون بيكون مره مره حلو,4,3
R A V A,2024-11-04T16:17:17,احسن تطبيق حساب سعرات مافيه احسن منه,4,0
k A,2024-04-05T12:36:24,نتمنى اضافة اللغه العربيه🥺,4,0
محمد سند,2021-02-08T22:10:14,البرنامج ده جميل ورائع 🤩🤩,4,1
بدور ناصر,2024-04-24T14:20:48,فيه مشكله في التطبيق عند إضافة الوجيات,4,0
Lod,2020-08-23T17:46:09,أحلى تطبيق جربته يحسب السعرات,4,7
Mohamad Saber,2023-07-10T21:33:55,برجاء إضافة اللغة العربية,4,0
مستخدم Google,2019-09-22T23:19:37,لا يدعم العربية,4,7
كوشي انا,2021-01-14T11:58:07,ممتاز وارجو دعم العربية,4,1
Mahmoud Abo Erag,2022-06-26T14:42:01,نحتاج لغه عربيه,4,0
imane Queen 369,2020-06-03T14:24:18,مايحب يشتغل عندي ليه لما ادخل المعلومات بيقول هي غلط,4,2
احمد حسين,2021-05-11T00:22:31,الغة العربية غي متوفرة,4,22
مستخدم Google,2019-12-04T09:48:41,إضافة اللغة العربية ارجوكم,4,10
عبده سالم ارزخي,2021-03-27T18:48:33,كل جميل جيد,4,0
shrouk Elnser,2024-11-23T16:01:17,عايزة اخلى كله عربى هل دا متاح ؟,4,0
Mohmed Saa3d,2022-12-09T18:53:00,ارجو ان يكون بالعربي,4,0
مستخدم Google,2019-03-31T14:22:49,جيد نوعا ما,4,8
جعفر الجنزوري,2025-10-17T10:05:46,جيد جداً,4,1
Ibrahim Khaladi,2024-11-01T12:42:32,تطبيق جيد,4,0
aya Mohamad,2024-01-22T12:25:43,جميل,4,0
Kholoud Mohammed,2022-04-19T20:08:33,Nice,4,1
REVENGER,2020-11-10T13:54:50,جميل👍😁,4,0
MR / H e SH a M,2020-09-22T16:40:23,So Fitness,4,1
Al-Hussain Al-shami,2020-06-23T21:43:13,"Alles ist perfekt. Aber es gibt nur einen Weg, um zu bezahlen, und das ist sehr schlecht",4,0
Ahmed Nashat,2020-06-18T11:50:23,تطبيق جيد,4,0
مستخدم Google,2020-02-03T01:56:25,premium not open???,4,1
مستخدم Google,2019-12-01T13:03:03,I hope you add Arabic language,4,1
مستخدم Google,2019-01-10T09:26:01,There is a unknown error when I want to photograph the food code,4,49
مستخدم Google,2018-12-28T13:51:23,"hello MyFitnessPal thanks for this amazing program,but please add arabic language,because its very difficult for us to unterstand many things here, ps:imane",4,23
مستخدم Google,2018-11-26T05:58:16,I will try for few days then advise.,4,31
مستخدم Google,2018-09-04T04:24:19,جميييل جدااا لاكن لو يترجم عربي,4,31
مستخدم Google,2018-09-07T01:24:08,جيد جدا,4,11
مستخدم Google,2018-09-01T17:11:37,Please add arabic language .,4,20
مستخدم Google,2018-08-14T18:52:33,Good,4,5
مستخدم Google,2018-06-06T05:45:36,"سيكون التطبيق أروع عند إضافة اللغة العربية إليه،es wäre besser, wenn Sie 
die arabische Sprache hinzufügen könnten ,vielen Dank im voraus",4,52
مستخدم Google,2018-05-12T20:03:03,"برنامج جميل اتمنى انه يوجد لغة عربيه / لكنه سهل ان كنت تجيد القليل من 
الانقليزيه",4,46
مستخدم Google,2018-05-09T11:51:16,Vary useful and good but we need arabic language please,4,27
مستخدم Google,2018-02-15T03:26:31,ارجو إضافة اللغه العربيه,4,28
مستخدم Google,2018-01-13T20:28:06,مشان الله اللغة العربية اللغة العربية,4,14
مستخدم Google,2017-11-14T01:23:22,ممتاز جداً لكن التطبيق بحاجه الى إضافة اللغة العربية,4,14
مستخدم Google,2017-12-06T10:22:35,بدون اشتراك ما بيخدم,4,5
مستخدم Google,2017-09-17T16:32:13,ياريت التطبيق يبقى بالعربى والانجليزى عشان يسهل للكل استخدامه,4,7
مستخدم Google,2017-09-16T12:12:09,ياريت يكون في لغة عربية قريباً,4,6
مستخدم Google,2017-08-24T18:47:33,جميل بس  بليز احد يساعدني مافي تغييير لللغه العربيه,4,8
مستخدم Google,2017-07-02T20:55:06,Please we are want  language Arabic,4,12
مستخدم Google,2017-07-12T15:19:28,اين بطاقة 10 كوكا بلي,4,4
مستخدم Google,2017-06-23T01:29:35,لا يوجد باللغة العربية,4,5
مستخدم Google,2017-06-23T22:11:00,نتمنى إضافة اللغة العربية,4,3
مستخدم Google,2017-06-13T17:31:28,ما في بالعربي,4,8
مستخدم Google,2017-02-27T23:55:43,"Athaj the Arabic language I was just I do not know the English language does not translate Google, and we need it for the Arabic Language in order indulgence Stamal",4,6
مستخدم Google,2017-02-16T17:54:19,Application very cool .. but the most difficult for me to understand the choices I hope Add Arab language .. Thanks,4,5
مستخدم Google,2017-02-05T19:34:43,please add the Arabic Language very soon,4,6
مستخدم Google,2017-02-14T02:10:45,pleas add arabic language .!,4,0
مستخدم Google,2017-02-02T14:59:32,عربي,4,6
مستخدم Google,2017-01-26T01:31:52,البرنامج ممتاز لكن نرجو إدخال اللغة العربية وشكرا,4,8
مستخدم Google,2017-01-18T18:55:05,ليش ما في لغة عربية,4,13
مستخدم Google,2017-02-08T20:05:05,اللغة العربية ضروري ولا جار الحذف لكم يوميين بس,4,1
مستخدم Google,2016-10-07T13:07:11,اذا كان في لغه عربيه احسن,4,8
مستخدم Google,2016-08-28T18:22:20,Pleas we want arabic we dont understand english very much soo if you'r reading my comments pleas 💕,4,9
مستخدم Google,2016-08-26T00:46:27,بس اذا كان في لغة العربي احسن,4,1
مستخدم Google,2016-08-24T01:08:10,اتمنى في التحديث القادم ان يدعم اللغة العربية,4,10
مستخدم Google,2016-08-07T14:34:25,البرنامج جدا مفيد بس اللي ناقصه اللغة العربية,4,14
مستخدم Google,2016-08-15T11:26:14,Nice but 4* because there is no arabic language,4,2
مستخدم Google,2016-06-28T04:17:11,التطبيق ممتاز لاكن يحتاج لدعم اللغة العربية,4,5
مستخدم Google,2016-06-02T19:51:12,ليت فيه عربي,4,4
مستخدم Google,2017-10-15T23:34:15,تطبيق متميز  سهل الاستخدام دقيق في الحساب,4,0
leen hiari,2026-03-11T11:05:47,التطبيق يحذف المدخلات باستمرار للوجبات مشكلة تعطل الوصول للهدف!,3,1
مستخدم Google,2019-07-04T11:14:35,نريد اصدار بالعربي وبنقص نجمتين لانه انجليزي مع انه مفيد لي جدا لكن اجبر ع استخدام المترجم وسبب لي صعوبه فالاستخدام,3,99
شيماء خليلي,2020-11-11T23:25:44,تطبيق جميل ولكن يجب إدراج اكلات الشعبية و العالمية الجزائرية والمغاربية والعربية عندما تضاف اللغة العربية سأكمل النجوم إلى خمسة نجوم 😘 ولكن لماذا عندما أريد إضافة تمرين من تمارين المقاومة لا يحسب السعرات تلقائيا كاما في الكارديو ماذا أفعل,3,215
Waleed Alanzi,2024-04-24T01:07:43,لما اضغط على diary يطلعني من التطبيق بدون سبب سويت 3 حسابات عشان المشكله ذي طلعت بس في السامسونج اتمنى تحلون المشكله ذي لأني تخلي التطبيق ماله فايدة,3,1
toyu mini 11,2024-07-12T19:00:26,للأسف لا تتوفر اللغة عربية، انا لا اجيد اللغة الإنجليزية و بالفعل لا افهم شئ في تطبيق 😔,3,33
مستخدم Google,2019-02-25T17:17:24,تطبيق مذهل بصراحة . و لكن عندي سؤال: الا يمكن اضافة اللغة العربية للبرنامج؟ ارجو الرد ! في اقرب وقت,3,48
Lotfi Lotfi,2025-10-20T01:27:05,كيف ادخال لغة عربية ارجو الرد,3,0
プログレ,2022-10-25T23:03:45,لو تتوفر ب اللغه العربيه بتفيد ناس كثير من ضمنهم انا بس الله يعين المترجم,3,183
أحمد أرسلان,2023-12-23T13:40:34,التطبيق جيد، لكن حاولت كثيرا تحديث الأهداف وتاريخ ميلادي ويرجع للإعدادات الافتراضية مع أني مشترك بالحساب المدفوع,3,17
مستخدم Google,2020-04-21T23:38:08,جيد ولكن اصبح البرنامج بطيء جدا ويحتاج اعادة تشغيل اكثر من مره,3,1
مستخدم Google,2020-01-01T22:47:21,الابلكيشن جميل جدا و لكنه بيهنج و بيقفل لوحده بقاله فترة مش عارف استمتع به برجاء تقييم المشكلة,3,19
مستخدم Google,2019-10-17T08:51:19,برنامج جميل ولكن هل استطيع تغيير اللغه في البرنامج للعربيه,3,34
إيمان العلياني,2024-10-12T15:21:40,عند وصول الى الخطوه الاخيره في التسجيل و الموافقه ع شروط لا يضغط التالي ابدا,3,7
مستخدم Google,2019-06-09T09:53:40,برنامج اكثر من رائع لكن نرجوا منكم توفير اللغه العربية عشان نقدر نتعامل معه,3,72
Mariam,2025-03-07T21:21:26,هو حلو جدا بس مشكلته معايا مفيهوش اللغه العربيه اتمنى تضيفوها,3,0
عمر أبو عبد العزيز,2021-09-11T11:40:28,لا يدعم اللغة العربية نرغب أن يدعم اللغة العربية,3,26
mariem magdi,2021-03-30T19:49:27,التطبيق جيد ولكن يوجد المشكله أنه لا يمكن أن يشترك شخص أقل من 18 عام,3,145
şø ĥą,2021-04-19T16:43:24,جيد جدا لكنه يحتاج اضافة اللغه العربيه,3,2
ALSHMAL,2024-04-29T21:24:31,هناك مشكلة في التطبيق في نظام اندرويد عند الضغط على Diary يغلق التطبيق .,3,1
wafaa alamri,2024-04-24T20:19:40,التطبيق فيه عطل تقني يقفل اول ما افتح على اليوميات ياليت يكون فيه تحديث لإصلاح الخلل,3,0
eslam abaza,2020-06-16T18:14:10,البرنامج مفيد بس ياريت لو يتم اضافه اللغه العربيه,3,114
Fathe Crb,2024-05-31T16:49:49,نريد ترجمة اللغة عربية فيه,3,4
أسامه الحربي,2022-01-29T22:34:00,البرنامج رائع بس لو يضيفو اللغه العربيه,3,21
مستخدم Google,2019-10-09T11:21:20,رجاء اضافه اللغة العربية كي تعم الفائدة بأكبر قدر ممكن,3,4
مستخدم Google,2019-02-25T07:44:58,تطبيق جيد لكن تنقصوا لغه عربيه,3,2
مستخدم Google,2019-07-31T11:45:48,جميل لكن للاسف لا يدعم اللغه العربية لذلك ٣ نجوم كفايه عليه,3,58
Amina Sbaee,2025-05-05T15:15:02,جميلة جدا و لكن أين الغة العربية,3,0
taha GAMER,2024-07-01T21:11:55,البرنامج كويس بس في مشاكل كل ما اسجل اكل معين بيتمسح لوحدو,3,0
#.#,2020-11-11T08:52:28,تطبيق جميل لكن ينقصة اللغة العربية سأعطي ٥ نجوم بعد إضافة العربية,3,5
عائشة عسيري,2023-08-24T07:45:02,اود تجربته وسمعته جبده لاكن عيبه ان لاتوجد لغه عربيه,3,0
Jaafar Younin,2021-10-28T16:25:48,يوجد أخطائ في حساب الكالوري َلكن أنصح الجميع به خصوصا تنزيل النسخة المدفوعة من غوغل,3,0
Nesma Alsharabi,2020-10-31T00:59:58,رااائع ولكن لو يتم تنزيل اللغه العربيه بيستحق وقتها الخمس نجوووم,3,70
سوبر مجهول,2025-04-07T04:30:40,التطبيق يعلق عند آخر مرحلة في تسجيل الدخول ما ادري ويش السبب,3,0
Hanaa Abdelhamid,2020-12-03T23:01:27,يفضل اضافة اللغة العربية,3,121
Mourad Mesto,2025-08-29T01:32:07,لا يدعم اللغة العربية,3,8
Areej Areej,2023-10-25T15:41:21,ممتاز لاكن لا يدعم لغه العربيه,3,22
مستخدم Google,2019-09-30T12:31:50,التطبيق ممتاز لاكن ارجو باءضافه اللغه العربيه,3,9
Hanaa Hanaa,2020-05-17T23:34:34,لاتوجد ترجمة للغة العربية للأسف,3,11
كٍبْرَيْاٍء اُنٌثْىٌ,2023-06-13T21:33:06,صراحه سمعه تطبيق واو وواجد مدحوه بس عيبه لايدعم اللغه العربيه للاسف,3,0
مستخدم Google,2020-03-08T18:24:54,ممتاز ولكنة بعض الأوقات يتعطل,3,7
Yousef safwat,2023-09-12T15:23:32,محايد مفيش مميزات كتير وكمان مبيدعمش اللغه العربيه,3,0
مستخدم Google,2019-03-22T13:41:17,لو سمحتم مفيس عربى فى البرنامج دى كل انجليزى,3,58
FA,2023-10-07T07:38:01,هو حلو بس ياريت في لغة عربية,3,0
asmaa fadl,2021-01-30T18:37:10,حلو جدا بس الناس اللي متعرفش انجليش كويس مش هتعرف تستخدمه ..التطبيق دا من اشهر التطبيقات للسعرات و هيبقي اشهر لو اضفتو اللغة العربية,3,6
Ahmed Mohamed Elnabawy,2025-09-23T22:48:17,يقوم البرنامج بحذف الوجبات بعد حفظها لاكتر من مرة,3,2
مستخدم Google,2019-11-15T18:09:46,نحتاج اللغه العربيه تطبيق fatsecret يتفوق عليكم,3,3
Bayan Alshehri,2020-07-24T02:16:24,نرجوا اصلاح مشكلة تاريخ الميلاد ، لا يقوم بضبط التاريخ حسب ما ادخل,3,34
مستخدم Google,2019-06-28T08:19:06,نتمني دعم اللغة العربية,3,71
Phoenix,2020-09-09T09:53:06,لماذا لا يوجد لغة عربية وهناك مستخدمين عرب ارجو إضافة اللغة العربية,3,168
fatima kh,2022-12-25T01:09:34,يجب ادراج اللغة العربية في هذا التطبيق لي فهمه اكثر 🙂,3,108
مستخدم Google,2018-09-26T20:15:20,اريد ان تضعو لغة العربية لماذا لايمكنني تسجيل دخولي انا متأكدة من معلوماتي لكن لايسجل دخول حتى عندما اضع حساب جديد يرفض ماهذا؟,3,15
مستخدم Google,2020-02-06T14:43:51,البرانامج حلو وكثييير مدوحه لي بس ياريت تنزلو نسخه تدعم لغه العريبه 😭 مو كل الناس بتعرف تقراء انجليزي 💔 انا مافهمت شي سجلت كل معلوماتي بمساعدة الترجمه وحابه اسجل اكلاتي ماعرفت لانه انجليزي كله 😭,3,170
Taha Mohamed,2022-10-10T12:19:03,برنامج جميل..بس الscan عندي لازم يتفعل بشتراك!,3,1
مصطفى,2021-09-25T23:15:13,لا توجد لغة عربية,3,6
said ladjal,2024-04-08T00:31:30,تطبيق يخصه بعض التعديلات,3,0
مستخدم Google,2018-09-29T01:51:14,رائع ولكن احتاجت لوقت لأفهمه,3,1
ام البتول,2020-07-06T04:07:06,لم افهم في التطبيق شي اتمني ان يكون باللغه العربيه,3,4
Mi Mi,2021-04-23T22:43:44,المرجو اضافة اللغة العربية,3,2
عبدالله احمد,2024-10-05T20:38:00,اول حاجة هو با الانجليزى تانى حاجة أنا مش عارف ادخل بسجل البيانات ومبيدخلنيشى بس هو باين أنه حلو وانا مش عارف ادخل البرنامج,3,0
مستخدم Google,2018-12-31T18:00:01,جميل بس لو كان فيه عربي بيكون احل,3,66
Azoz55,2024-12-04T02:02:16,مالقيت اللغة العربية ممكن شرح عن التطبيق واين القاه؟.,3,1
مستخدم Google,2019-03-02T13:18:24,الرجاء إضافة اللغة العربية.,3,3
amro shawki,2021-06-24T23:20:24,عندي مشكلة بحاول اربط برنامج google fit مع my fitness بس ما بيعطي لي الإحصائيات يلي على google fit,3,3
باسم الحربي,2020-09-20T17:51:12,تطبيق لايدعم اللغه العربية لماذا 🤔,3,2
محمد حورية,2023-10-09T05:47:36,اضيفوا اللغة العربية من فضلك,3,0
Essam Al-sharef,2024-11-26T20:35:57,لا أستطيع شراء التطبيق ... توجد مشكلة,3,1
Salah abohassoon Abohassoon,2021-05-01T03:55:54,مافي لغه عربيه ولازم عمرش ١٨ او اكثر وانا عمري ١٦ 🙄,3,14
مستخدم Google,2020-01-23T08:48:28,لا يسجل الدخول,3,13
مستخدم Google,2019-10-28T16:32:41,لا يوجد لغة عربية,3,27
أبو عبدالله أبو عبدالله,2021-04-06T08:38:09,سويت اشتراك واحاول اسوي إلغاء مو راضي اذا فيه احد يعرف يعطينا الطريقة,3,43
مستخدم Google,2020-01-06T18:02:42,اهم عنصرين للعضلات غير موجوده بالبرنامح كمية البوتاسيوم لنقل البروتين للعضله و الزنك المحفز للتستيرون,3,19
مستخدم Google,2019-02-17T22:14:48,لو يجي منه نسخة عربية,3,4
ツLayan,2020-07-14T00:13:38,حلو بس ما عرفت له لأنه بالانجليزي,3,3
مستخدم Google,2019-12-03T17:12:15,كويس لكن مش بيدعم العربيه,3,2
Mohammed Mohsen,2024-04-05T05:31:32,هو ازاي اخلي البرنامج عربي,3,0
Sami Gariti,2025-12-10T14:52:18,جيد لكن ناقص,3,0
مستخدم Google,2019-12-12T12:26:23,ولا شي عمل اا ضعفني ولا شي او انا مو عارف استعمله,3,2
Yousif Mawya,2024-06-14T14:51:35,أضيفوا اللغة العربية بالله عليكم,3,1
AHMED,2021-07-13T18:11:32,جيد الي حد ما,3,2
مستخدم Google,2019-01-22T09:43:10,لماذا لا يثبت,3,3
موسى الدفار الدفار,2021-03-21T01:40:34,بسم لله,3,0
MMM,2024-11-13T05:32:42,No Arabic language,3,0
Shahad Khalid,2024-06-02T18:50:27,"The application is beautiful, but it does not have the ability to change the language to Arabic. التطبيق جميل لكن لا يتوفر فيه خاصية تغير اللغة للعربية",3,1
Wala Alsinan,2023-11-17T21:51:39,I have no idea why it keep deleting the food that I added 🤦‍♀️,3,0
HAMAD KHAMIS,2022-08-12T07:15:31,Its not that good,3,0
Ismail Saeed,2020-07-19T15:45:52,I hope that the application is in Arabic thank you,3,1
خالد ابراهيم,2020-07-09T18:07:39,ممتاز جدا,3,1
مستخدم Google,2020-04-16T21:58:30,"Nice, but why can't I change the language to my language You should develop the program more and make it possible for people to change the language",3,1
مستخدم Google,2020-04-15T16:33:23,"There's no Arabic language, no properties when adding food",3,1
مستخدم Google,2019-12-21T13:30:43,"Thank you for this wonderful application, the Arabs love it so much. I would like to help them with your support of the Arabic language ❤",3,1
مستخدم Google,2019-10-15T04:04:35,Some barcodes are incorrect and unrecognized Please fix this. 👈 🙂,3,1
مستخدم Google,2019-08-01T03:24:14,I can't login ? at all,3,1
مستخدم Google,2019-06-09T23:07:04,why I can't buy premium version?!!! please fix the problem.. evry time I press go premium only blank page appears!,3,2
مستخدم Google,2019-01-17T00:02:40,where Arabic language !!!,3,86
مستخدم Google,2018-10-05T07:13:46,Very helpful but there are so many ADs in it,3,5
مستخدم Google,2018-09-26T21:44:37,Why i can't change the language to arabic ?,3,10
مستخدم Google,2018-08-31T07:11:16,يستحق 5 نجوم لو كان يدعم العربية 💔,3,30
مستخدم Google,2018-08-06T23:02:25,ناقص اللغة العربية,3,15
مستخدم Google,2018-07-10T19:14:50,"حلو وصلت للتمرين رابع يوم وفتت بالخامس. طلب مني. دفع ٦$لدعم البرنامج وماعاد 
فتح شي. ارجو الغاء. الدعم. ماعندي. بطاقة نت. ولا عندي. شي. ادفع للبرناج ولا 
غير هيك رائع ويستحق. المتابعة. 😔",3,33
مستخدم Google,2018-06-30T11:25:13,جميل جدا بس ياريت ينزل تحديث باللغة العربية يارييييت من فضلكم,3,34
Hussein Ahmed,2021-08-28T10:19:16,البرنامج جيد جداً بالنسبة للاجهزة اللي بتشتغل بنظام ios اما الاندرويد فسئ الي حد كبير ، بتحصل اخطاء في التسجيل وفي اضافة الاكل والتمرينات اتمني ينزل تحديث للبرنامج لاصلاح العيوب الموجودة في نسخة الاندرويد,2,52
مستخدم Google,2018-11-27T15:39:43,جربت التسجيل كم مرة بالفيسبوك وبالايميل لكن لااستطيع الدخول الى التطبيق😤😤😤 ..ازعجني كثيرا لم افهم السبب.يقول لاتستطيع التسجيل حاليا اعد المحاولة في وقت لاحق..اففففففف اتعبني😬,2,34
R,2023-06-06T14:12:07,التطبيق جميل لكن ينقصه اللغة العربية و سيكون جدا رائع و ايضا لو يسمح للاعمار الاقل من 18 بالدخول سيكون شيئا جيدا,2,2
مستخدم Google,2020-01-02T10:28:06,مُريح من ناحية تصوير الباركود و يطلع المنتج اللي بضيفه في القائمة، لكن للأسف من أمس أغلب الوقت يحمّل يحمّل يحمّل و ما يفتح 💔,2,15
ahmad elbanna,2023-09-04T20:08:45,نجمتين للأسف لان التطبيق لا يدعم اللغة العربية ونسبة ٧٠ % من مستخدمى التطبيق يتحدثون اللغة العربية ويقومون بكتابتها أيضا يجب النظر لطلبات مستخدمى التطبيق العرب وحل مشاكلهم,2,109
مستخدم Google,2018-09-18T13:38:40,مايسجل وقت لمن يقوول حط الايميل يقول اما انه مسجل اول حاول مره اخرى للمعلوميه حطيت ثلاث ايميلات ولا تسجل البرنامج فيه مشكله,2,15
Badr Bayomi,2023-02-13T19:50:27,التطبيق فتح بقا بطيء وكانة بيهنج وبيغيب في تحميل البيانات.....و ياريت يدعم اللغة العربية الدخول عل التطبيق من جديد مشكلة ...,2,151
مستخدم Google,2018-11-06T04:44:51,ارجواا تصليح البرنامج بسرعه لانه يرفض تسجيل الدخول او اعمل حساب جديد مره ثانيه ولا يقبل التسجيل على الفيس بوك او الايميل بالرغم من استخدامي لاكتر من ايميل و .... شكرا,2,19
مستخدم Google,2018-10-12T21:56:59,البرنامج حلوو جدا لكن بقاله مده مش بيفتح معايا خالص بأي ميل ..ارجووو حل المشكله دي.,2,4
مستخدم Google,2019-04-11T12:32:13,التطبيق لا يفتح يتوقف عند تسجيل الوزن والطول ولا يستجيب ارجو حل المشكلة,2,150
مستخدم Google,2020-02-01T13:55:50,بالنسبة لمشكلة الايميل فهي واجهتني قبل دقايق من الان وحلها انك تكتب الايميل كتابة ماتلصقه او تدرجه من المساعد الكتابي,2,13
Saud,2020-06-24T00:56:00,التطبيق فوضوي، يحتاج تحسين واجهة المستخدم وكذلك دعم اللغة العربية,2,94
Abbas Aqeel Al Moussaoui,2024-08-07T15:15:22,يرجىٰ إضافة اللغة العربية في التقييم تم إضافة نجمتين رغم يستحق ٥ نجوم و السبب نقص اللغة العربية,2,11
استغفر الله,2024-06-17T22:05:19,للأسف اللغة العربية غير متوفرة أيضا التطبيق ياخذ وقت طويل بالتحميل و البحث 👎🏼👎🏼👎🏼,2,14
Yahya alMusawi,2021-11-16T16:02:04,نرجوا اضافة اللغه العربيه للتطبيق حتى يمكننا استخدامه بسهوله,2,5
Ahood A,2021-03-06T01:38:28,هو جميل لكن لم استطيع الاشتراك لأنه لا يدعم اللغه العربيه,2,128
مستخدم Google,2018-10-27T20:57:01,مشكلة تعليق البرنامج بعد التحديث الاخير ورفض تسجيل الدخول !,2,41
مستخدم Google,2019-04-14T11:55:21,لو كان في عربي كان استخدمته بشكل اساسي ودائم يوميا بس للاسف غير مدعوم انصحكم بتطبيق Samsung Health يدعم العربية بشكل كامل ويوجد به جميع وأنواع أصناف الأكل حتى العربية منها,2,16
HADILL ALSFRAWE,2023-08-24T15:35:29,جميل لكن يجب اضافة اللغة العربية,2,0
Mohamad,2021-10-07T00:41:14,لايدعم اللغة العربية وهو غير مجاني,2,35
badrok hakr,2021-06-01T23:57:01,تطبيق ممتاز بس ينقصه اللغة العربية,2,3
احمد هاني,2020-10-01T07:47:28,البرنامج في آخر خطوة يعمل Error مع اني كاتب كل حاجة صح ارجو الرد عليا وتصحيح الخطأ,2,75
Eren San,2024-04-02T10:03:31,أكبر سلبية أنه لا يدعم اللغة العربية أتمنى إضافتها في أقرب وقت,2,15
مستخدم Google,2020-02-09T13:44:03,ياريت تضيفوا اللغة العربية لعدم فهم بعض الاشياء,2,26
مستخدم Google,2018-10-25T22:30:44,يحتاج إلى إضافة اللغة العربية ليستحق 5 نجوم وشكراً لكم,2,11
Yasmen THW,2024-05-12T10:54:03,جيد لكن متى سيتم اضافة اللغة العربية,2,7
HAMOOD G4MER,2022-03-06T07:54:03,عندما اقوم بالتسجيل واقوم بادخل التاريخ الميلادي يحدث خطأ في البرنامج في كل مرة ادخل التاريخ الميلادي الخاص بي اثناء التسجيل,2,45
riham asser,2020-06-17T17:49:41,بيغير في الاعدادات مع نفسه ومغير السن ورافض يعدله,2,5
Omar Osama,2024-04-25T00:17:56,سيئه كل لما أدخل على Daily يخرجني من التطبيق ياريت تتحل المشكله دي في اسرع وقت,2,0
مستخدم Google,2019-11-05T12:14:39,رائع ينقصه اللغة العربية,2,4
_.142434._ 20o1,2020-07-25T09:37:16,لا يستطيع الإتصال بحساب الجميل و الفيسبوك,2,20
Rolsjf Tjsp505,2020-08-12T17:06:39,لوسمحتو كيف اخليه عربي البرنامج كثير حلو,2,1
Saad Abdulrehman,2022-11-05T20:35:14,لا يدعم اللغة العربية,2,1
مستخدم Google,2019-03-22T04:38:55,مش فيه لغه عربيه يعني لو انا مش بعرف انجليش مستعملش البرنامج,2,7
مستخدم Google,2018-09-19T07:56:33,لا يسجل الاميل ولا يعمل,2,1
مستخدم Google,2019-11-15T12:23:14,يجب أن يدعم اللغة العربيه,2,2
Osama,2025-08-26T01:43:11,يرجى دعم اللغة العربية,2,6
سعاد الشمري,2024-04-06T02:00:18,اللغة العربية ليست موجودة كيف لي أن اتبع نظاما غذائي صحيا في هذي الحالة,2,1
SNOOMY 96,2025-07-05T21:34:53,صار كل ما دخلت البرنامج يطلعني و يطلب تسجيل الدخول,2,0
مستخدم Google,2018-10-22T23:18:37,البرنامج حلو بس ليش بلغه الانجليزيه لازم يكون بلغتين عشان يكون مفهم مع كل الجنسيات,2,28
XM_WX,2020-12-11T03:17:01,لو تم اضافة اللغة العربية هيكون ابلكيشن تحفة😶👌,2,2
محمد العتيبي,2021-07-29T01:49:26,لايدعم اللغة العربية,2,7
gut_s 9,2023-05-04T10:28:50,لا يسجل الفئة العمرية الاقل من 18 عام !!,2,0
Samah Raouf,2023-12-20T21:22:13,التطبيق لايدعم اللغة العربية,2,5
sasa mohamed,2020-12-19T22:21:53,لا استطيع استخدامه بسبب اللغة,2,1
A . M,2023-01-04T15:07:30,اللغة العربية من فضلكم ليصبح عند الجميع,2,0
فاطمة الاحمري,2024-04-24T00:36:13,نرجو وضع اللغه العربيه كلغه داعمه لهذا التطبيق,2,0
Sherif Emad,2023-08-25T00:11:46,ينقصه اللغه العربيه,2,0
khaled be,2022-03-09T21:00:12,تنقصه اللغة العربية,2,54
alyaa ramadan,2021-09-30T23:06:11,مش عاير يسجل اصلا ومش عارفه ادخل عليه,2,5
مستخدم Google,2019-10-07T14:26:32,اللغه العربيه غير موجوده,2,36
slab ssaal,2023-05-16T19:59:42,اللعنة لا يوجد اللغة العربية,2,0
se a,2020-10-22T04:02:24,جميل وأرجو إضافة اللغة العربية,2,142
مستخدم Google,2018-11-30T23:26:08,ارجو اضافه اللغه العربيه,2,4
Noga Elzohary,2022-05-03T13:06:24,يا ريت لو كان مترجم,2,1
سارة 1,2023-08-08T18:52:33,اتمنى تضيفو اللغة العربية,2,0
saef alislam,2023-09-08T02:17:13,تستاهلون الخمس نجوم بس لا يدعم العربيه,2,2
اسماعيل الميري,2020-10-06T01:29:13,لايدعم العربيه تم الغاء التثبيت,2,39
مستخدم Google,2019-04-28T07:30:03,جيد ولكن بطئ اجو الحل,2,1
الابداع تيوب / Creativity youtube,2023-05-25T19:28:47,ضيفوا اللغة العربية,2,0
Basabes Adel,2021-04-09T18:05:17,عايزه عربى كله انجليزى,2,21
جودي أحمد مصطفي,2025-03-21T10:35:28,اريد تغيره الي العربيه,2,0
مستخدم Google,2018-10-12T20:50:54,ارجوا اضافه لغه عربية,2,39
Ranoosh Riad,2021-04-13T01:18:31,ياااا جماعة مر راضي يفتح عنديBecause of اليميلل,2,8
مستخدم Google,2019-03-18T05:03:30,اين اللغة العربية ...😤,2,1
Sss Mm,2020-08-10T00:17:07,مش عارفه اسجل كل ماسجل يبدا من الاول تاني😭😭😭,2,11
مستخدم Google,2018-10-24T01:05:03,ضيف اللغة العربية ياد انت وهو,2,2
عمر يوسف,2021-01-15T13:37:21,بالنسبة لي مو جميل بي كل سراحة,2,1
Budoor,2024-09-17T00:15:25,ليش مسح الكود للاكل سار إشتراك 😭😭😭😭😭😭😭😭😭,2,0
Fatma Mohamed,2026-01-24T15:08:16,كيف اشترك في البرنامج,2,0
مستخدم Google,2020-01-15T14:13:09,مش راضي يسجل الدخول لي,2,23
ريناد,2023-05-05T19:29:50,حلو بس يا ليت يرجعون يفعلون خاصية الباركود المجانيه,2,0
leithe IRAQ,2021-04-12T22:49:52,حلو ولاكن ما في الغه العربيه,2,0
OMAR 3MAD. TV,2021-05-25T07:58:43,اللغه العربية😫,2,13
مستخدم Google,2020-02-07T03:55:30,ابغاه عربي كيف,2,9
مستخدم Google,2019-02-06T14:52:59,اين اللغه العربيه,2,1
محمدبدر عبدالله,2025-07-05T16:28:45,ما اشغل التطبيق,2,0
منوعات اندرويدAD3002,2024-08-05T01:16:20,لاتوجد لغة عربية There is no Arabic language,2,0
Layan ahmad,2024-04-21T11:51:48,"A good application, but I face a problem that the program exits on its own. I want a solution to this problem",2,1
mysoon A,2024-04-24T04:16:12,Diary does not work,2,0
iBassam abdull,2024-04-04T02:06:11,The application keeps crashing,2,0
اورانس بي,2023-08-15T21:17:46,"I cant choose a plan , and i was really willing to buy",2,0
Abdussalam As-Serheed,2022-02-01T11:38:01,Hard to follow.,2,0
سليم السليم,2021-11-01T09:50:36,Why there is no Arabic language,2,0
Read to Breathe,2020-11-12T20:47:11,I tried to till the program my correct Date of Birth but it will always choose something wrong,2,0
سيسيليا صادق,2020-07-15T20:47:08,"Good, but unfortunately there is no Arabic in it.🤔",2,0
مستخدم Google,2020-01-05T23:01:04,I cannot subscribe to the Premium package. Show me an error message,2,1
مستخدم Google,2019-12-11T09:25:06,I tryed to use it but it hard connect it with my email or Facebook It is hard to use 2 stars,2,0
مستخدم Google,2019-12-10T07:17:00,Why is there no Arabic language?,2,0
مستخدم Google,2019-09-24T12:40:47,ممتاز 👌,2,0
مستخدم Google,2019-08-10T12:14:03,the app is great but please add arabic language😔,2,0
مستخدم Google,2018-10-20T08:34:29,Make it in Arabic,2,14
مستخدم Google,2018-09-18T13:07:15,Thank you to resolve the problem of the new update .... good luck,2,8
مستخدم Google,2018-04-29T16:47:00,ترجمة عربي واحد5نجوم,2,18
مستخدم Google,2018-04-02T23:11:28,IT'S very complecated and no arabic language,2,11
مستخدم Google,2018-02-19T11:56:32,ادعمو اللغه العربيه,2,46
مستخدم Google,2017-12-11T15:49:50,مايدعم عربي,2,5
مستخدم Google,2017-11-24T16:48:49,انا اديت البرنامج نجمتين بس علشان مش بيدعم اللغه العربيه ياريت القائمين علي البرنامج يدعموا البرنامج باللغه العربيه علشان يكون افضل ويكون متاح لناس اكتر,2,22
مستخدم Google,2017-09-28T16:34:39,لا يدعم اللغه العربيه  لذلك لا افهم  كيف اتعامل  معه ارجو تحديث البرنامج باللغه العربيه,2,5
مستخدم Google,2017-09-03T09:32:45,جيد . لاكنه متوفر فقط باللغه الانحليزيه,2,5
mohamed alzafarani,2026-01-01T23:05:53,تطبيق سئ وجاري حذفه لانه لا يدعم اللغه العربيه رغم فهمي الانجليزيه ولكن اللي ما يحترمنا لا نحترمه وفي غيرك كتير,1,34
b_ baayiiaa,2024-12-20T09:31:52,"سأقوم بحذف التطبيق حاليًا على الرغم من فائدته لكن عدم وجود اللغة العربية أمر حائل بيني وبين الاستفادة منه، اذا تم إضافة اللغة العربية أعلموني بذلك.. بين فترة وفترة سآتي لتفقده.. الآن حان الوقت للبحث عن تطبيق آخر, للحين كل فنرة ادخل اشيك اذا ضافوا اللغة العربية وللأسف لا، ليش التعنت ذا رغم انها من أكثر اللغات المتحدثة في العالم.",1,156
ahmad ul,2024-03-04T17:21:56,التطبيق بعد التحديث اصبح سيئ جدا، لا يعمل بشكل جيد ولا يأخذ كل المنتجات علما قبل التحديث كان جيد جدا ولكن الان للاسف سيئ!! من سيء إلى اسوء تطبيق جدا صاير سيء ولا يضيف السعرات بشكل جيد دائما يوجد أخطاء بل الإضافة! لا انصح به ابدا!!!!,1,43
eslam ali,2026-02-23T06:05:30,لماذا لا يدعم اللغة العربية,1,2
arwa,2024-06-26T03:58:50,التطبيق مغلق خيار الكام سكينر من أجل الأرباح بالرغم من أنه اسهل شيئ المفروض مايقفلونه عشان فلوس سوو مميزات ثانيه واقفلوها عكس الكام اشوفه استغلال يعني انتو عندكم الباركود جاهز مجهز وانا الي الصوره لكم فوق ذا كله تأخذون فلوس ليه,1,9
noona 89,2025-01-19T16:45:52,حملت التطبيق من فتره تقريبا شهر و لاحظ حاليا الاختلاف في الحساب بين كل مره ادخل عشان انزل في وجبه حسابه غير صحيح عدد غرامات البروتين او الكارب و الدهون تتغير في كل مره اتنمى يصير في تحديث لانه يعلق و مو بسرعه يدخل البيانات و تتغير كل شوي☹️,1,4
Maryam Alkindi,2024-07-30T11:50:26,البرنامج لا يعمل جيداً على نظام الأندرويد، أسجل الوجبات ثم أتفاجئ باختفاءها، لا أستطيع تغيير عدد الحصص مهما حاولت، نرجو أن يتم تحسينه,1,5
مستخدم Google,2018-10-04T19:42:07,البرنامج فيه مشكله من فتره كبيره وكل فتره ارجع احمله تاني اقول يمكن المشكله اتحلت لكن مفيش حاجه اتحلت المشكله انه مش راضي يسجل دخول باي ايميل خالص.. خساره كان برنامج حلو اضطريت استخدم برنامج غيره,1,16
مستخدم Google,2018-09-25T18:42:23,البرنامج كان ممتاز واستمريت معاه فتره وحققت نتايج حلوه اضطريت اعمل ضبط المصنع للفون ولما رجعت حملته تانى لاقيت محدث لنسخه سيئه جدا ولا بتفتح حسابى القديم ولا عايزه تسجل حساب جديد والمسؤلين مش بيهتموا بحل المشكله هو المفروض البرنامج يتحدث علشان يكون افضل ولا عشان تففقدوا مصداقيتكم وجمهوركم؟!!!!,1,32
K H,2024-10-22T12:08:32,الانجليزية لغتي الثانية ومع ذالك تمت ازالة التطبيق لعدم وجود اللغة العربية من بين مايقارب 20 لغة يتوفر فيها. نجمة واحده حتى توفر العربية.,1,34
Basheeroh.,2025-03-29T10:14:40,خيبة أمل عندما اكتشفت أن هذا التطبيق يسحب مبالغ مالية من بطاقتي البنكية دون أي إشعار و تنبيه مسبق. عملية غير مقبولة تثير قلقًا بشأن معلوماتي المالية وكيفية إدارة هذا التطبيق لمعاملات المستخدمين. بسبب عدم وجود أي إشعار قبل الخصم، بالإضافة إلى اتخاذ إجراءات لمنع تكرار مثل هذه الحوادث مستقبلًا. أعتبر هذا الإجراء انتهاكًا لثقتي في هذا التطبيق لاأنصح بالتحميل واذا أخطأت بعدم قراءة سياسة الشراء على الأقل تنبيه من التطبيق بالسحب المالي وتجديد الاشتراك كنت أبغا التجربة المجانية ولكن باغتوني بالخصم,1,15
باسل الحمادي,2025-06-01T19:42:10,سوء التطبيق ما يوصف بالكلمات يارجال كمية اعطال غير طبيعيه من محاوله التسجيل الين وضع الاكل كل ابوه اغلاط تقنيه بحثت وطلعت المشاكل ذي موجوده من سنتين والى الان ما صلحوها ما انصح احد يضيع وقته هنا,1,1
gle goo,2025-08-16T12:27:29,لا يستحق حتى نجمة واحدة كيف يُعقل أن يدعم التطبيق أكثر من 19 لغة ولا يدعم العربية حتى اليوم؟! منذ سنوات والمستخدمون العرب يطالبون بإضافة اللغة العربية، لكن طلبنا يتم تجاهله وكأننا غير موجودين، هذا يُعتبر قلة احترام وتهميشًا لشريحة كبيرة من المستخدمين. إن لم تتم إضافة العربية قريبًا فسأضطر للتخلي عن التطبيق نهائيًا، لأننا كمستخدمين عرب نستحق التقدير مثل غيرنا,1,131
Ahmed الشيمي,2023-06-10T22:58:41,برنامج سمعته جيده لاكن للاسف لا يتوفر فيه اللغه العربيه ف لذالك متطر ان احذفه لاني لا افهم غير العربيه وشكرا فريق ما فتنس بال علي التجربه هذه التي لم تنال اعجابي و عندي امل ان يتوفر اللغه العربيه لانه اذا توفرت سوف تكسبون ثقه الكثير من الناس مما يساعدكم علي عدد التنزيلات والزيارات و المكاسب,1,63
Mohamed shabaan,2023-06-20T15:13:09,لا يتوفر باللغة العربية ، وقد اختفت بعض المميزات المجانية التي كانت لها فائدة اصبح التطبيق ليس له أي فائدة علي الإطلاق تم حذف الحساب و التطبيق,1,167
مستخدم Google,2019-11-12T03:53:30,لو سمحت انا بكتب الايميل والباسورد وعند اليوزر نيم لم يتم التسجيل بالتطبيق وحتي عن طريق الفيس بوك لم يتم التسجيل ارجو معرفة السبب اريد تسجيل الدخول بالتطبيق بأسرع وقت ارجو التوضيح,1,8
محمود عادل,2021-07-10T04:32:14,يوجد مشكله عند كتابه الاميل والرقم السري يجي خاطيء وانا متأكد انه صح من وجه نظري التطبيق فاشل لعدم استفادتي منه سيتم الحذف ولن انصح احد بتحميله لحين حل مشكلتي,1,50
Sung Jinwo,2026-03-07T15:56:29,مفيهوش لغة عربية,1,0
WEJDAN,2026-02-20T15:14:43,التطبيق لا يسجل حسابي,1,0
Ahmed Saeed,2026-01-13T02:14:25,تطبيق سئ لا يوجد تصوير ولا لغة عربية ولا مزايا متاحة مجانا,1,0
Hour Khalid,2022-05-21T15:05:43,التطبيق مرا سيء يعلق كثير وما يمديني اضيف اكل واذا حاولت ابحث عن اكل في خانة البحث يضل يحمل وما يطلع لي شي اتمنى حل هذه المشكله,1,1
Mohamed Abdul-Fattah,2020-08-31T21:10:18,التطبيق لا يرقي لان يكون من صناعة هاوٍ فضلا علي ان يكون من صناعة شركة عالمية. كما انه لا يدعم العربية و لا الأكلات العربية. يحوي الكثير من الاخطاء البرمجية، و التصميم فوضوي غير موحد و غير منظم و فقير جدا في ال UX.,1,13
Moon Mon,2020-08-03T17:13:22,ممكن مساعدة مدا اكدر احوله من اللغة الانكليزيه الى العربيه.. هل البرنامج يدعم اللغه العربيه او انه باللغة الانكليزيه فقط,1,112
مستخدم Google,2020-01-06T06:43:19,عندى مشكله ف التسجيل بيقولى user name غير متاح حاليا سواء بالتسجيل بالبريد الالكترونى او الفيس بوك ايه الحل,1,5
عبدالإله العبريدي,2023-07-26T09:39:54,قمت بمنحكم نجمة واحدة لأن التطبيق لايتوفر على اللغة العربية تطبيق جيد لكن ينقصه شي واحد اللغة العربية,1,96
نوال ابراهيم,2024-11-24T11:01:11,نجمه واحده بسبب عدم توفر اللغه العربيه مع انه تتوفر عدة لغات ليه ماتتوفر لغه عربيه مو الكل يعرف انجليزي,1,6
مستخدم Google,2019-12-17T23:12:11,ليه كل ما ادخل البريد يقولي خطأ ولما عملت حساب جديد وسجلت منه قالي خطأ في الانترنت ارجو الحل بليززززز اتمني تساعدوني بدون الذهاب الي اي موقع تبعتوني عليه لاني ما افهم فيه شي بليز,1,8
Ay,2025-10-18T13:26:36,لا استطيع فهم اي كلمة انجليزية خسارة برنامج بهذا الحجم لا استطيع فهمه,1,3
مستخدم Google,2020-02-08T22:19:41,كل.مرة اسجل مش بيكمل التسجيل.ويقف علي اخر خطوة حتي سجلت من موبايل.اخر وجيت اكتب اليوزر.نيم والباسوورد بردوا مدخلش,1,7
محمد يوسف,2026-03-28T14:05:35,سيء جداااا .. لا يدعم اللغة العربية سأقوم بحذفه الآن,1,0
مستخدم Google,2019-02-11T14:08:14,للأسف التطبيق مش راضي يقبل اى ايميل عليه وكل شويه يقولى اما الباسورد غلط او الايميل غلط كدا خسارة فيه حتى نجمة واحدة ياريت لو فيه رد المشكلة دى عشان يفتح معايه واغير التقييم,1,11
سلطان محمد,2025-06-20T13:10:21,هناك مشكلة في تسجيل الدخول بحيث أدخلت كل معلومتي ولم يتم تسجيل الدخول يرجى حل المشكلة,1,8
لينة.,2024-07-10T04:20:29,التطبيق لا يعمل عند اكمال الاختيارات وضغط التالي لإنشاء الحساب، ولا يدعم اللغة العربية.,1,11
Flower Flower,2023-12-19T19:59:50,التطبيق اصبح سيء جدا ولا تظهر الاطعمة ، ويحذف المعلومات بعد ادخال الاطعمة والخروج من التطبيق,1,0
Harkat Ahmed,2023-11-13T17:54:45,لا يدعم اللغه العربيه و تم غلق معظم المهام المجانيه,1,37
دايلندر // Daylander,2021-09-22T01:08:01,لا يدعم اللغه العربيه وتحسه معقد وشركه مش مهتمه لتطوير نفسهم من حيث اللغات امور اخرى,1,27
teba abed,2022-03-27T20:05:49,تطبيق جدا سيء ووقت اجي اسجل دخول يطلعلي انه الايميل غير صالح وعملت ايميل جديد وبرضو ما تغير شي,1,77
Akram Mohammad,2022-03-04T20:49:14,في مشكله في التطبيق مش بيشتغل اساسا تعطي تاريخ الميلاد يعمل Error ارجو تصليح المشكله في أسرع وقت,1,12
hi Gh,2024-11-20T10:34:01,بعد التحديث في غلط في تقييم السعرات و الماكروز غلط كبييير وكذا تروح فائده التطبيق ارجوا التعديل بأقرب وقت,1,0
عبد المجيد,2025-04-04T23:01:03,اجد صعوبة في التسجيل وذلك عن موافقتي على الشروط والاحكام. للاسف امر محبط,1,0
مستخدم Google,2019-01-28T11:29:31,ماإستفدت منه ولايوم لأنى لغيت تثبيته أصلامن على الجهازوسحبتوا 6l.e رسوم يومهارغم إلغاء تثبيته مافى مشكله وبعدها بفتره بتسحبوا الإشتراك وأناماإستفدت منه برجاء عدم سحب الإشتراك ولوتم سحبه برجاء رده لأنه جالى رساله بمحاولة السحب ولغيته قبل سحب الإشتراك برجاء الرد,1,6
مصطفى القطيفي,2022-02-15T21:05:41,موش راضي يفتح معاي أخر خطوا ؟ يطلع ليي رقم السري تبع الايميل ليس صحيح ونا كاتبه صحيح للأسف .,1,22
kimo kimo,2025-03-01T18:28:53,برنامج عبارة عن خرطي يستمر في طرح الاسئلة و الاستيلاء على بياناتك ثم لا تستفيد منه بشيء 👎,1,3
dxs ksa,2024-04-19T03:49:22,التطبيق يغلق عندما ادخل على صفحة Diary مع العلم ان المشكلة لها اكثر من ٣ ايام ؟؟ شيء مضحك برنامج ضخم فيه ضعف في IT department مع العلم انا android software,1,6
مستخدم Google,2020-01-31T21:48:51,زفت بيانات كتير واشتراك بالاميل ايه القرف ده المفروض يكون بسيط وسهل,1,3
محمد العيسي,2025-01-03T10:20:41,أخطائه كثير ويتطلب تسجيل الدخول كل مرة والبيانات تنحذف بدون علمك للأسف,1,0
Mofeed Mohmad,2021-06-22T10:30:43,غير مجاني..... معقد.... فترة مجانيه محدده النتيجه لا يستفاد منه,1,15
مستخدم Google,2019-09-26T09:32:50,نرجو ترجمه البرنامج الي اللغه العربيه حتي نتمكن من الاستفادة من البرنامج ومعلوماته وشكرا لكم.,1,7
مستخدم Google,2019-11-02T01:50:20,ليه كل مادخل الايميل والباسورد يقولي خطأ وانا متأكده انو صح حد يفهمني ازاي بسجل دخول عليه لو سمحتو,1,29
Yahy Hay,2025-07-29T20:28:54,لا يمكن تحويل اللغه من الإنجليزية إلى العربيه,1,0
Yusra Hamad,2024-09-22T14:19:46,لا يدعم اللغة العربية .... اللغة العربية اساسية في دول الشرق الأوسط لذالك تقيم فقط نجمة,1,2
مستخدم Google,2019-07-02T02:11:17,لايريد الدخول مللت من هذا استخدمت أكثر من جمايل ولا يريد الدخول يقول لايمكن تسجيل هذا الاسم (المستخدم )في هذا الوقت,1,6
مستخدم Google,2019-01-10T20:17:49,التطبيق مش راضى يعمل تسجيل سواء بإيميل الفيس او الجيميل ؟ وجربت كتير ومش راضى يعمل تسجيل ؟!,1,13
El Somali,2023-10-01T23:05:01,سئ للغاية لا يدعم اللغة العربية.,1,0
مستخدم Google,2019-10-07T15:53:47,تطبيق صعب الاستعمال+تطبيق عنصري لا يدعم اللغة العربية بالذات,1,7
مستخدم Google,2019-10-18T01:08:11,برنامج لا يدعم اللغة العربية و تم حذفه,1,149
مستخدم Google,2019-04-04T02:27:32,تطبيق غير جيد ويلزمك بالتسجيل ب الفيس بوك لسرقة بياناتك ولو جيت تدخل ب ايميل جوجل بيقول خطا فيه تطبيقات كتير بتقوم بالمهمة احسن منه لا انصح بتحميله,1,9
غامضه,2022-03-31T23:57:10,تطبيق سيئ مانصح احد يحمله تضيع وقت على فاضي مايدخلك يقول البريد غير صحيح مع انو صحيح,1,31
Mona Mare,2024-05-03T19:13:57,التطبيق يغلق معي تلقائياً يرجى حل المشكلة بسرعة,1,1
Alloush Alloush,2022-06-30T23:29:28,كان شغال كتير منيح بس بعد التحديث تدخل للبرنامج مره وحده وبعدها مايفتح,1,0
A Q,2024-11-01T12:13:37,لايمكن تغيير اللغة الى العربية تمت الازالة,1,10
انسان g,2020-11-10T13:27:36,سيء ولا استطيع استخدامه بسبب عدم توفر اللغة العربية,1,4
Areeg Abdallah,2021-09-07T12:50:36,نجمة زيادة عليه لا يمكن تسجيل الدخول ولا بأي طريقة,1,26
Abdllhe Abdllhe,2025-05-11T01:29:49,تطبيق سيء بعد إستعماله يتوقف دون سبب وغير مجاني,1,0
moad fouad,2022-02-02T00:22:28,غير مناسب ؛ لأنه لا يدعم اللغة العربية.,1,3
شهد,2025-08-23T20:15:59,البرنامج رائع لكن للأسف مايدعم اللغة العربيه,1,17
مستخدم Google,2019-07-04T17:21:43,ما حدا ينزل التطبيق صدقوني كتير سئ لأنه لايدعم اللغه العربيه وأيضا لم أستطع الدخول لأنه لا يقبل البريد الإلكتروني,1,12
Noor 68,2021-12-28T13:09:36,البرنامج مو راضي يسجل بعطيني الايميل غلط والله مو غلط مو راضي يسجل ابدا وياريت كان يدعم اللغة العربية نحن عرب,1,63
FAWAZ ALSULAMI,2024-05-18T18:23:05,ناقص البرنامج لغة العربية و يصير افضل برنامج,1,2
Ahmed Basem,2021-08-15T23:23:06,شئ غريب أن تطبيق بالحجم والقوة دي ميدعمش اللغة العربية.,1,105
عصام العبري,2021-09-22T09:14:36,برنامج سيء جدا ولا يدعم اللغة العربية,1,33
ahmed laifaoui,2024-06-28T04:22:17,اين اللغة العربية بدون العربية نجمة واحدة سينزل تقيمه بسبب عدم وجود اللغه العربيه من معي يضع جام,1,3
خير الله,2024-04-23T13:26:04,لا يدعم اللغة العربية مزعج جدا,1,4
Jalal Wahan,2024-04-13T08:05:27,التطبيق كان يدعم اللغه العربيه وكان الإستفادة منه كبيرة وبعدين حذفوا اللغه العربيه ولم استفد من التطبيق فتم الحذف لعدم وجود اللغه العربيه.,1,0
محمد فرحات,2020-08-13T20:42:36,ليس ممتاز لاني بيجي على آخر خطوه في عمل الايميل ومش بيرد يدخل الايميل,1,2
خلود,2024-07-13T13:38:27,لماذا لا يمكنني التسجيل؟ يوجد خلل في نضام التسجيل,1,2
عبدالله الشمراني,2022-10-12T19:12:30,قبل التحديث الجديد كان مميز لكن بعد التحديث حذف اشتراكي السنوي أرجوا التأكد من عملية إصلاح التطبيق,1,9
مستخدم Google,2019-08-04T03:00:36,ليه لما باجى اسجل بيقلى ان الحساب دا متورط ارجو تحديث واعاده المحوله,1,3
Malak Alnade,2023-07-18T00:35:09,التطبيق سئ جداً لانه لم يدعم اللغه العربيه,1,22
Mazn,2025-03-18T16:28:58,يرجى اضافة اللغه العربيه ضروري جدا,1,9
Hassane Boouu,2024-02-11T14:02:45,تطبيق سيئ لأنه لا يدعم اللغة العربية مع انا معظم مستخدميه عرب,1,4
مستخدم Google,2019-04-30T17:15:21,مش راضي يفتح نزلته 3 أو 4 مرات وكل مرة يعلق وما يفتحش,1,5
{ ام نور },2023-09-20T13:08:25,نجمة واحدة لان التطبيق لا يدعم اللغة العربيه وتم الحذف.,1,4
مستخدم Google,2019-08-09T02:24:44,انا لا اجيد اللغة الإنجليزية ولا اعرف كيفية استخدام البرنامج ارجو المساعدة,1,90
-,2022-02-06T05:13:23,لايدعم اللغة العربية .,1,2
Hamada Ronaldo,2023-09-01T18:19:26,قيمت بالنجمة الواحدة لان هذا البرنامج لا يتوفر على اللغة العربية للاسف الشديد,1,0
منوعات عااامه,2020-06-16T01:23:37,انا مش من عادتي اني ادخل اقيم تطبيقات بس البرنامج بعد التحديث بقا حاجا زفت اووي ومعدش بيعرض الصور وكان دا موجود قبل التحديث ياريت ترجعوا التطبيق زي ما كان وتضيفوا لغه عربيه,1,62
Aya Ahmed,2021-04-16T22:47:40,مش فاهمه حاجه كلوا انجليزي لي مش بيدعم اللغه العربيه,1,35
KJ AL-Taky,2024-04-24T04:01:41,يخرج التطبيق بشكل تلقائي الرجاء حل المشكله سريعا,1,1
KHALED ALYSEE,2020-10-03T13:14:19,اللغة العربية غير متوفرة,1,91
يوسف التؤام,2022-02-20T17:00:19,لا يدعم اللغه العربيه!!!!,1,2
eyad,2023-07-22T19:41:23,تطبيق عنصري بشكل صريح لا يوجد لغة عربية بالرغم من شعبيتها و كثرة متحدثيها,1,9
سلوان المنصوري,2025-02-06T08:24:31,برنامج فاشل تقديم على الجنسية البرطانية اسهل نزلته ومسحته,1,0
Nada Issa,2021-08-22T22:46:54,قمت بحذف التطبيق بعد تنزيله لأنه لا يدعم اللغة العربية,1,58
Yaser,2023-12-07T17:12:53,تم الغاء الاشتراك وحذف التطبيق بسبب ان التطبيق لا يدعم اللغة العربية,1,42
ابو يوسف,2020-07-04T13:14:13,لايوجد لغة عربية واعطال كثيرة,1,9
مستخدم Google,2019-07-30T02:18:09,سئ جدا ولا يدعم اللغة العربية,1,46
Yousef Almasry,2025-08-24T23:14:46,التطبيق لا يدعم اللغه العربيه,1,15
HIMIKO FF TWO,2023-09-03T02:45:45,لايتوفر علي اللغة العربية,1,0
Tv box Home,2026-01-18T09:11:15,لا يدعم اللغه العربية,1,0
