اسم ورقة العمل,اسم الطبق,اسم الطبق بالعربية,التصنيف,السعرات (Energy),البروتين,الدهون (Fat),الكارب (CHO),الألياف (Fibre),Vit A,Vit D,Vit E,Vit C,الوسوم (Tags)
أطباق عربية,Baba ghanouj,بابا غنوج,أكل شامي,39.0,1.1,1.8,4.5,3.1,Tr,Tr,0.1,Tr,"Arabic, Levantine, Vegetarian, Vegan, Gluten-Free, Healthy, Low-Calorie"
أطباق عربية,Batata mahchi,بطاطا محشية,أكل شامي,143.0,5.0,5.7,18.0,1.8,Tr,Tr,Tr,Tr,"Arabic, Levantine, Vegetarian, Vegan, Gluten-Free"
أطباق عربية,Borgul bi banadoura,برغل ببندورة,أكل شامي,146.0,3.0,5.6,20.8,4.2,Tr,Tr,1.5,Tr,"Arabic, Levantine, Vegetarian, Vegan, Healthy"
أطباق عربية,Chichbarak,شيشبرك,أكل شامي,154.0,4.8,6.7,18.7,Tr,Tr,Tr,Tr,Tr,"Arabic, Levantine, Meat, Healthy"
أطباق عربية,Falafel,فلافل,أكل مصري,339.0,13.3,15.6,36.5,8.7,Tr,Tr,0.1,Tr,"Arabic, Egyptian, Vegetarian, Vegan, Gluten-Free, High-Fiber"
أطباق عربية,Fatayer sabanikh,فطاير سبانخ,أكل شامي,311.0,5.3,20.1,27.2,2.1,Tr,Tr,0.1,Tr,"Arabic, Levantine, Vegetarian, Vegan"
أطباق عربية,Fattat Hommos,فتة حمص,أكل شامي,159.0,6.5,7.7,15.8,5.5,Tr,Tr,0.5,Tr,"Arabic, Levantine, Vegetarian, Vegan, Healthy, High-Fiber"
أطباق عربية,Fattoush,فتوش,أكل شامي,52.0,1.5,1.9,7.2,6,Tr,Tr,0.1,7.2,"Arabic, Levantine, Vegetarian, Vegan, Healthy, High-Fiber, Low-Calorie"
أطباق عربية,Foul moudamas,فول مدمس,أكل مصري,116.0,5.3,4.2,14.2,3.5,Tr,Tr,0.2,10,"Arabic, Egyptian, Vegetarian, Vegan, Gluten-Free, Healthy"
أطباق عربية,Hindbe bil zet,هندبة بالزيت,أكل لبناني,235.0,2.5,22.4,5.9,5.3,Tr,Tr,0.8,2.6,"Arabic, Levantine, Vegetarian, Vegan, Gluten-Free, Keto-Friendly, High-Fiber"
أطباق عربية,Hommos bi tahini,حمص بطحينة,أكل شامي,146.0,7.5,5.2,17.2,5.7,Tr,Tr,Tr,Tr,"Arabic, Levantine, Vegetarian, Vegan, Healthy, High-Fiber"
أطباق عربية,Kafta wa batata,كفتة وبطاطا,أكل شامي,94.0,8.8,3.4,7.0,1.4,Tr,Tr,Tr,Tr,"Arabic, Levantine, Meat, Healthy, High-Protein, Low-Calorie"
أطباق عربية,Kebba bil sayniya,كبة بالصينية,أكل شامي,266.0,11.3,15.8,19.7,4.8,Tr,Tr,Tr,Tr,"Arabic, Levantine, Meat, Gluten-Free"
أطباق عربية,Koussa mahchi,كوسا محشية,أكل عربي,123.0,3.8,2.9,20.3,1,Tr,Tr,Tr,Tr,"Arabic, Meat, Gluten-Free"
أطباق عربية,Lahm bil ajin,لحم بعجين,أكل شامي,244.0,11.2,5.6,37.1,1,Tr,Tr,Tr,Tr,"Arabic, Levantine, Meat, Healthy, High-Protein"
أطباق عربية,Loubia bil zet,لوبيا بالزيت,أكل لبناني,62.0,2.1,2.8,7.2,1.9,Tr,Tr,0.5,2.6,"Arabic, Levantine, Vegetarian, Vegan, Gluten-Free, Keto-Friendly, Low-Calorie"
أطباق عربية,Malfouf mahchi,ملفوف محشي,أكل عربي,75.0,3.8,1.3,12.1,1.3,Tr,Tr,Tr,Tr,"Arabic, Meat, Gluten-Free, Low-Calorie"
أطباق عربية,Moujadara,مجدرة,أكل شامي,113.0,5.4,0.5,21.8,5.4,Tr,Tr,Tr,Tr,"Arabic, Levantine, Vegetarian, Vegan, Gluten-Free, High-Fiber"
أطباق عربية,Moghrabia,مغربية,أكل لبناني,124.0,6.7,3.9,15.6,Tr,Tr,Tr,0.1,Tr,"Arabic, Levantine, Maghrebi, Vegetarian, Vegan"
أطباق عربية,Mousaka batinjan,مسقعة باذنجان,أكل مصري,165.0,3.2,10.3,14.8,3.5,Tr,Tr,0.2,5.6,"Arabic, Egyptian, Vegetarian, Vegan, Gluten-Free"
أطباق عربية,Riz a djaj,رز بدجاج,أكل عربي,167.0,7.2,7.0,18.8,Tr,Tr,Tr,Tr,Tr,"Arabic, Poultry, Gluten-Free, Healthy"
أطباق عربية,Riz bi lahma,رز بلحمة,أكل عربي,165.0,7.5,4.8,23.0,0.8,Tr,Tr,Tr,Tr,"Arabic, Meat, Gluten-Free, Healthy"
أطباق عربية,Sayadia,صيادية,أكل مصري,171.0,6.5,6.3,22.1,Tr,Tr,3.2,Tr,Tr,"Arabic, Egyptian, Seafood, Gluten-Free"
أطباق عربية,Shawarma dajaj,شاورما دجاج,أكل شامي,197.0,29.7,8.2,1.1,Tr,Tr,Tr,0.9,Tr,"Arabic, Levantine, Poultry, Gluten-Free, Keto-Friendly, Healthy, High-Protein"
أطباق عربية,Shawarma lahma,شاورما لحمة,أكل شامي,179.0,17.5,11.0,2.6,Tr,Tr,Tr,Tr,3.8,"Arabic, Levantine, Meat, Gluten-Free, Keto-Friendly, Healthy, High-Protein"
أطباق عربية,Tabboula,تبولة,أكل شامي,53.0,1.9,2.3,6.1,3.2,Tr,Tr,0.1,21,"Arabic, Levantine, Vegetarian, Vegan, Healthy, Low-Calorie"
أطباق عربية,Warak enab,ورق عنب,أكل عربي,102.0,4.4,1.5,17.7,6.7,Tr,Tr,Tr,Tr,"Arabic, Vegetarian, Vegan, Gluten-Free, High-Fiber"
أطباق عربية,Yakhnat Bamia,يخنة بامية,أكل عربي,122.0,3.9,4.3,17.0,3,Tr,Tr,Tr,Tr,"Arabic, Vegetarian, Vegan, Gluten-Free, Healthy"
أطباق عربية,Yakhnat Fassoulia,يخنة فاصوليا,أكل عربي,140.0,8.1,1.9,22.6,7.4,Tr,Tr,Tr,Tr,"Arabic, Vegetarian, Vegan, Gluten-Free, Healthy, High-Protein, High-Fiber"
أطباق عربية,Yakhnat Mouloukhia,يخنة ملوخية,أكل مصري,112.0,5.4,4.8,11.9,2,Tr,Tr,Tr,Tr,"Arabic, Egyptian, Vegetarian, Vegan, Gluten-Free, Healthy"
حلويات عربية,Baklava mixed,بقلاوة مشكلة,,474.0,6.6,27.3,64.0,11.8,8.1,,1,2,"Arabic, Sweet, Dessert, Dairy, Vegetarian, High-Fiber"
حلويات عربية,Baklava mixed light,بقلاوة مشكلة (لايت/قليلة السكر),,478.0,7.1,28.7,61.9,11.9,13,,1.2,Tr,"Arabic, Sweet, Dessert, Dairy, Vegetarian, High-Fiber"
حلويات عربية,Barazik,برازق,,553.0,15.3,42.1,49.0,4.1,Tr,,Tr,8,"Arabic, Levantine, Sweet, Dessert, Dairy, Vegetarian, High-Protein"
حلويات عربية,Boundoukia,بندقية,,465.0,11.5,23.2,64.1,7.4,Tr,,4.7,1,"Arabic, Sweet, Dessert, Vegetarian, Vegan, Gluten-Free, High-Fiber"
حلويات عربية,Daoukia,داوودية,,347.0,7.3,15.1,52.8,8.8,Tr,,Tr,2,"Arabic, Sweet, Dessert, Dairy, Vegetarian, Gluten-Free, High-Fiber"
حلويات عربية,Foustoukia,فستقية,,446.0,19.2,18.5,59.7,8.6,Tr,,1.3,Tr,"Arabic, Sweet, Dessert, Vegetarian, Vegan, Gluten-Free, High-Protein, High-Fiber"
حلويات عربية,Ghourayba,غريبة,,510.0,6.8,32.9,62.9,2.1,Tr,,Tr,Tr,"Arabic, Sweet, Dessert, Dairy, Vegetarian"
حلويات عربية,Halawa,حلاوة,,538.0,16.8,41.0,45.7,3.9,Tr,,Tr,Tr,"Arabic, Sweet, Dessert, Vegetarian, Vegan, Gluten-Free, High-Protein"
حلويات عربية,Halawa light,حلاوة (لايت),,531.0,12.6,35.6,57.5,3.4,Tr,,Tr,Tr,"Arabic, Sweet, Dessert, Vegetarian, Vegan, Gluten-Free"
حلويات عربية,Halawat El jeben,حلاوة الجبن,,248.0,9.7,8.8,36.7,6.8,Tr,,Tr,2,"Arabic, Levantine, Sweet, Dessert, Dairy, Vegetarian, High-Fiber"
حلويات عربية,Ish el bulbul,عش البلبل,,478.0,7.5,26.2,65.8,10,8.4,,0.1,3,"Arabic, Sweet, Dessert, Dairy, Vegetarian, High-Fiber"
حلويات عربية,Kallaj kashta,حلاوة القشطة (كلاج),,215.0,3.6,9.7,33.0,4.6,Tr,,Tr,Tr,"Arabic, Sweet, Dessert, Dairy, Vegetarian"
حلويات عربية,Karabij joz maa crema,كعك بجبس (كرابيج) مع ناطف,,391.0,7.6,16.5,61.1,4,15.7,,Tr,Tr,"Arabic, Sweet, Dessert, Dairy, Vegetarian"
حلويات عربية,Katayef Kashta,قطايف بالقشطة,,260.0,6.0,10.5,40.5,1.9,Tr,,Tr,Tr,"Arabic, Sweet, Dessert, Dairy, Vegetarian"
حلويات عربية,Kounafa kashta bil kaak,كنافة بالقشطة بالكعك,,262.0,8.1,8.7,42.2,3.1,Tr,,Tr,Tr,"Arabic, Sweet, Dessert, Dairy, Vegetarian"
حلويات عربية,Kounafa bil jiben,كنافة بالجبن,,279.0,6.1,13.2,40.4,3.1,Tr,,Tr,Tr,"Arabic, Sweet, Dessert, Dairy, Vegetarian"
حلويات عربية,Maakaron,معكرون,,,,,,,,,,,"Arabic, Sweet, Dessert, Dairy, Vegetarian"
حلويات عربية,Maakroun wa moushabak,معكرون ومشبك,,448.0,3.5,17.9,77.1,1.5,Tr,,Tr,Tr,"Arabic, Sweet, Dessert, Dairy, Vegetarian"
حلويات عربية,Maamoul tamer,معمول تمر,,410.0,6.6,15.6,68.4,7,Tr,,Tr,1.4,"Arabic, Levantine, Sweet, Dessert, Dairy, Vegetarian, High-Fiber"
حلويات عربية,Maamoul mad kashta,معمول مد بالقشطة,,283.0,5.3,8.9,49.6,8.8,Tr,,Tr,Tr,"Arabic, Levantine, Sweet, Dessert, Dairy, Vegetarian, High-Fiber"
حلويات عربية,Maamoul mad joz,معمول مد بالجوز,,443.0,8.0,25.0,58.8,3.9,13.4,,2,2,"Arabic, Levantine, Sweet, Dessert, Dairy, Vegetarian"
حلويات عربية,Maamoul fostok,معمول فستق,,444.0,10.4,26.9,53.3,6.2,12.7,,Tr,Tr,"Arabic, Levantine, Sweet, Dessert, Dairy, Vegetarian, High-Fiber"
حلويات عربية,Maamoul joz,معمول جوز,,433.0,10.0,18.3,66.2,7.5,8.9,,Tr,Tr,"Arabic, Levantine, Sweet, Dessert, Dairy, Vegetarian, High-Fiber"
حلويات عربية,Madlouka,مدلوقة,,328.0,8.0,13.0,51.1,5.2,Tr,,Tr,Tr,"Arabic, Sweet, Dessert, Dairy, Vegetarian, High-Fiber"
حلويات عربية,Mafrouka Kashta,مفروكة بالقشطة,,425.0,4.3,17.5,71.1,2.8,Tr,,Tr,Tr,"Arabic, Sweet, Dessert, Dairy, Vegetarian"
حلويات عربية,Mafrouka fostok,مفروكة فستق,,,,,,,,,,,"Arabic, Sweet, Dessert, Dairy, Vegetarian"
حلويات عربية,Moufattaka,مفتقة,,332.0,5.9,10.1,59.2,3,Tr,,Tr,2,"Arabic, Sweet, Dessert, Dairy, Vegetarian, Gluten-Free"
حلويات عربية,Mouhallabiya,مهلبية,,203.0,6.2,7.3,31.6,1.2,Tr,,Tr,Tr,"Arabic, Sweet, Dessert, Dairy, Vegetarian, Gluten-Free"
حلويات عربية,Moushabak,مشبك,,410.0,2.1,16.4,71.5,0.8,Tr,,Tr,<0.1,"Arabic, Sweet, Dessert, Dairy, Vegetarian"
حلويات عربية,Nammoura,نمورة,,376.0,3.0,8.8,75.4,8.4,Tr,,Tr,<1,"Arabic, Levantine, Sweet, Dessert, Dairy, Vegetarian, High-Fiber"
حلويات عربية,Osmaliya,عثملية,,271.0,9.3,17.9,27.0,2.5,Tr,,Tr,<1,"Arabic, Levantine, Sweet, Dessert, Dairy, Vegetarian"
حلويات عربية,Riz bil Halib,رز بحليب,,204.0,6.7,6.5,32.7,Tr,Tr,,Tr,<1,"Arabic, Sweet, Dessert, Dairy, Vegetarian, Gluten-Free"
حلويات عربية,Saniora,سنيورة,,490.0,7.4,26.4,68.7,1.8,Tr,,Tr,<1,"Arabic, Sweet, Dessert, Dairy, Vegetarian"
حلويات عربية,Sfouf,صفوف,,401.0,6.3,22.0,55.2,2.5,Tr,,Tr,<1,"Arabic, Sweet, Dessert, Dairy, Vegetarian"
حلويات عربية,Shaaybiyat,شعيبات,,298.0,9.5,14.7,39.1,1,Tr,,Tr,<1,"Arabic, Levantine, Sweet, Dessert, Dairy, Vegetarian"
حلويات عربية,Ward el sham,ورد الشام,,254.0,8.2,11.9,34.4,2.3,Tr,,Tr,<1,"Arabic, Levantine, Sweet, Dessert, Meat, Dairy"
حلويات عربية,Znoud El Sitt,زنود الست,,307.0,4.5,17.8,41.0,2,Tr,,Tr,<1,"Arabic, Levantine, Sweet, Dessert, Dairy, Vegetarian"
أطباق عربية 2,Pita Bread (White),خبز عربي أبيض,مخبوزات,265.0,8.0,1.2,55.7,2.3,0,0.0,0.2,0.0,"Arabic, Vegetarian, Vegan"
أطباق عربية 2,Pita Bread (Whole wheat),خبز عربي أسمر,مخبوزات,245.0,9.5,1.5,49.0,5.0,0,0.0,0.4,0.0,"Arabic, Vegetarian, Vegan, High-Protein, High-Fiber"
أطباق عربية 2,Rice (cooked),أرز مطبوخ,مكون أساسي,130.0,2.7,0.3,28.7,0.4,0,0.0,0.0,0.0,"International, Vegetarian, Vegan, Gluten-Free, Healthy"
أطباق عربية 2,Bulgur (cooked),برغل مطبوخ,مكون أساسي,83.0,3.1,0.2,18.6,2.5,0,0.0,0.0,0.0,"International, Vegetarian, Vegan, Healthy, Low-Calorie"
أطباق عربية 2,Couscous (cooked),كسكسي مطبوخ,أكل مغاربي,112.0,3.8,0.2,23.2,1.4,0,0.0,0.0,0.0,"Arabic, Maghrebi, Vegetarian, Vegan"
أطباق عربية 2,Lentils (cooked),عدس مطبوخ,مكون أساسي,116.0,9.0,0.4,20.1,7.9,1,0.0,0.1,1.5,"International, Vegetarian, Vegan, Gluten-Free, Healthy, High-Protein, High-Fiber"
أطباق عربية 2,Chickpeas (cooked),حمص مطبوخ,مكون أساسي,164.0,8.9,2.6,27.4,7.6,1,0.0,0.5,1.3,"International, Vegetarian, Vegan, Gluten-Free, Healthy, High-Protein, High-Fiber"
أطباق عربية 2,Fava Beans (cooked),فول مطبوخ,مكون أساسي,110.0,7.6,0.4,19.7,5.4,2,0.0,0.1,0.8,"International, Vegetarian, Vegan, Gluten-Free, Healthy, High-Fiber"
أطباق عربية 2,Hummus (paste),حمص بالطحينة,أكل شامي,177.0,7.9,9.6,14.3,6.0,9,0.0,0.7,3.0,"Arabic, Levantine, Vegetarian, Vegan, Healthy, High-Fiber"
أطباق عربية 2,Tomatoes (raw),طماطم طازجة,خضروات,18.0,0.9,0.2,3.9,1.2,42,0.0,0.5,14.0,"International, Vegetarian, Vegan, Gluten-Free, Healthy, Low-Calorie"
أطباق عربية 2,Cucumber (raw),خيار طازج,خضروات,15.0,0.7,0.1,3.6,0.5,5,0.0,0.0,2.8,"International, Vegetarian, Vegan, Gluten-Free, Healthy, Low-Calorie"
أطباق عربية 2,Eggplant (cooked),باذنجان مطبوخ,خضروات,35.0,0.8,0.1,8.7,2.5,1,0.0,0.4,1.3,"International, Vegetarian, Vegan, Gluten-Free, Healthy, Low-Calorie"
أطباق عربية 2,Spinach (cooked),سبانخ مطبوخة,خضروات,23.0,2.9,0.3,3.8,2.4,524,0.0,2.1,9.8,"International, Vegetarian, Vegan, Gluten-Free, Keto-Friendly, Healthy, Low-Calorie"
أطباق عربية 2,Okra (cooked),بامية مطبوخة,خضروات,33.0,2.0,0.2,7.5,3.2,36,0.0,0.3,16.3,"International, Vegetarian, Vegan, Gluten-Free, Healthy, Low-Calorie"
أطباق عربية 2,Zucchini (cooked),كوسة مطبوخة,خضروات,17.0,1.2,0.3,3.4,1.1,24,0.0,0.1,9.0,"International, Vegetarian, Vegan, Gluten-Free, Healthy, Low-Calorie"
أطباق عربية 2,Dates (dried),تمر جاف,فواكه,282.0,2.5,0.4,75.0,6.7,7,0.0,0.1,0.4,"International, Vegetarian, Vegan, Gluten-Free, Healthy, High-Fiber"
أطباق عربية 2,Figs (fresh),تين طازج,فواكه,74.0,0.8,0.3,19.2,2.9,5,0.0,0.1,2.0,"International, Vegetarian, Vegan, Gluten-Free, Healthy, Low-Calorie"
أطباق عربية 2,Pomegranate (fresh),رمان طازج,فواكه,83.0,1.7,1.2,18.7,4.0,0,0.0,0.6,10.2,"International, Vegetarian, Vegan, Gluten-Free, Healthy, Low-Calorie"
أطباق عربية 2,Apricot (fresh),مشمش طازج,فواكه,48.0,1.4,0.4,11.1,2.0,96,0.0,0.9,10.0,"International, Vegetarian, Vegan, Gluten-Free, Healthy, Low-Calorie"
أطباق عربية 2,Watermelon (fresh),بطيخ طازج,فواكه,30.0,0.6,0.2,7.6,0.4,28,0.0,0.1,8.1,"International, Vegetarian, Vegan, Gluten-Free, Healthy, Low-Calorie"
أطباق عربية 2,Lamb (cooked),لحم ضأن مطبوخ,لحوم,294.0,25.6,20.9,0.0,0.0,0,0.0,0.1,0.0,"International, Meat, Gluten-Free, Keto-Friendly, High-Protein"
أطباق عربية 2,"Chicken (cooked, without skin)",دجاج مطبوخ بدون جلد,لحوم,165.0,27.3,7.4,0.0,0.0,9,0.0,0.3,0.0,"International, Poultry, Gluten-Free, Keto-Friendly, Healthy, High-Protein"
أطباق عربية 2,"Beef (cooked, lean)",لحم بقري مطبوخ,لحوم,198.0,26.1,9.9,0.0,0.0,0,0.0,0.4,0.0,"International, Meat, Gluten-Free, Keto-Friendly, Healthy, High-Protein"
أطباق عربية 2,Nile Tilapia (cooked),بلطي نيلي مطبوخ,أسماك,128.0,26.2,4.0,0.0,0.0,17,0.0,0.5,0.0,"International, Seafood, Gluten-Free, Keto-Friendly, Healthy, High-Protein"
أطباق عربية 2,Sardines (canned),سردين معلب,أسماك,208.0,24.6,11.5,0.5,0.0,25,4.8,2.0,0.0,"International, Seafood, Gluten-Free, Keto-Friendly, Healthy, High-Protein"
أطباق عربية 2,Whole Milk,حليب كامل الدسم,ألبان,61.0,3.2,3.7,4.8,0.0,46,0.1,0.1,0.9,"International, Dairy, Vegetarian, Gluten-Free, Keto-Friendly, Healthy, Low-Calorie"
أطباق عربية 2,Yogurt (plain),زبادي طبيعي,ألبان,97.0,10.2,3.3,3.6,0.0,27,0.1,0.1,0.5,"International, Dairy, Vegetarian, Gluten-Free, Keto-Friendly, Healthy, High-Protein, Low-Calorie"
أطباق عربية 2,White Cheese (Feta-type),جبن أبيض,ألبان,264.0,17.0,21.3,2.0,0.0,125,0.5,0.2,0.0,"International, Dairy, Vegetarian, Gluten-Free, Keto-Friendly, High-Protein"
أطباق عربية 2,"Egg (whole, cooked)",بيضة مطبوخة,بروتينات,143.0,12.6,9.9,0.6,0.0,140,1.3,1.0,0.0,"International, Egg, Vegetarian, Gluten-Free, Keto-Friendly, Healthy, High-Protein"
أطباق عربية 2,Sesame seeds,سمسم,بذور,573.0,17.7,49.7,23.4,11.8,0,0.0,0.3,0.0,"International, Vegetarian, Vegan, Gluten-Free, High-Protein, High-Fiber"
أطباق عربية 2,Almonds,لوز,مكسرات,575.0,21.2,49.4,21.7,12.5,0,0.0,25.6,0.0,"International, Vegetarian, Vegan, Gluten-Free, High-Protein, High-Fiber"
أطباق عربية 2,Walnuts,جوز,مكسرات,654.0,15.2,65.2,13.7,6.7,1,0.0,0.7,1.3,"International, Vegetarian, Vegan, Gluten-Free, High-Protein, High-Fiber"
أطباق عربية 2,Olive Oil,زيت زيتون,زيوت,884.0,0.0,100.0,0.0,0.0,0,0.0,14.4,0.0,"International, Vegetarian, Vegan, Gluten-Free, Keto-Friendly"
أطباق عربية 2,Sunflower Oil,زيت عباد الشمس,زيوت,884.0,0.0,100.0,0.0,0.0,0,0.0,41.1,0.0,"International, Vegetarian, Vegan, Gluten-Free, Keto-Friendly"
أطباق عربية 2,Falafel (fried),فلافل مقلي,أكل مصري,333.0,13.3,17.8,31.8,5.0,5,0.0,0.8,1.5,"Arabic, Egyptian, Vegetarian, Vegan, Gluten-Free, High-Fiber"
أطباق عربية 2,Shawarma (chicken),شاورما دجاج,أكل شامي,252.0,20.0,12.0,16.0,1.5,15,0.0,0.5,3.0,"Arabic, Levantine, Poultry, Gluten-Free, High-Protein"
أطباق عربية 2,Tabbouleh,تبولة,أكل شامي,97.0,3.2,4.8,10.5,3.5,95,0.0,1.2,25.0,"Arabic, Levantine, Vegetarian, Vegan, Healthy, Low-Calorie"
أطباق عربية 2,Mansaf (lamb & rice),منسف,أكل أردني,298.0,18.0,14.0,25.0,1.2,10,0.0,0.3,0.0,"Arabic, Levantine, Meat, Dairy, Gluten-Free, High-Protein"
أطباق عربية 2,Maqluba,مقلوبة,أكل فلسطيني,225.0,14.0,9.0,22.0,2.0,30,0.0,0.4,5.0,"Arabic, Levantine, Meat, Poultry, Gluten-Free, High-Protein"
أطباق عربية 2,Koshari,كشري,أكل مصري,217.0,8.0,3.5,38.0,4.5,5,0.0,0.3,2.0,"Arabic, Egyptian, Vegetarian, Vegan, High-Protein"
اطباق عربية 3,"Barley, grains",شعير حبوب,مكونات,335.0,10.7,1.5,69.6,6.5,T,0,0.6,0,"International, Vegetarian, Vegan, High-Fiber"
اطباق عربية 3,"Corn, grains (white)",حبوب ذرة بيضاء,مكونات,364.0,10.2,4.0,71.9,1.9,T,0,0.5,0,"International, Vegetarian, Vegan, Gluten-Free"
اطباق عربية 3,"Corn, grains (yellow)",حبوب ذرة صفراء,مكونات,368.0,12.7,5.5,67.0,2.9,120,0,0.5,0,"International, Vegetarian, Vegan, Gluten-Free"
اطباق عربية 3,"Corn, flakes",كورن فليكس,عالمي,373.0,6.2,2.1,82.3,2.0,0,0,0.1,0,"Western, Vegetarian, Vegan, Gluten-Free"
اطباق عربية 3,"Corn, flour",دقيق ذرة,مكونات,359.0,8.9,2.5,75.2,1.3,0,0,0.4,0,"International, Vegetarian, Vegan"
اطباق عربية 3,"Corn, kernels, canned",حبوب ذرة معلبة,مكونات,100.0,2.8,0.9,20.1,0.8,25,0,0.0,7,"International, Vegetarian, Vegan, Gluten-Free"
اطباق عربية 3,"Corn, kernels on cob, grilled",كوز ذرة مشوي,عام,161.0,4.0,1.0,34.1,3.0,T,0,0.1,8,"International, Vegetarian, Vegan, Gluten-Free"
اطباق عربية 3,"Corn, popped",فشار,عام,451.0,9.1,16.7,66.0,2.5,T,0,1.5,0,"International, Vegetarian, Vegan, Gluten-Free"
اطباق عربية 3,"Corn, puffed",كاراتيه,عام,503.0,7.8,25.7,60.1,1.5,30,0,2.0,0,"International, Vegetarian, Vegan, Gluten-Free"
اطباق عربية 3,"Corn, starch",نشا ذرة,مكونات,380.0,0.2,0.1,94.5,0.0,0,0,0.0,0,"International, Vegetarian, Vegan, Gluten-Free"
اطباق عربية 3,Macaroni,مكرونة,مكونات,361.0,12.0,1.1,75.8,0.4,0,0,0.1,0,"Western, Vegetarian, Vegan"
اطباق عربية 3,"Macaroni/tomato, cooked",مكرونة بالصلصة,عام,169.0,5.0,3.0,30.5,0.7,-,0,0.5,-,"Western, Vegetarian, Vegan"
اطباق عربية 3,"Macaroni/tomato/meat, cooked",مكرونة بالصلصة باللحم,عام,175.0,6.8,5.6,24.4,0.6,-,0,0.8,-,"Western, Meat, Healthy"
اطباق عربية 3,"Noodles, fried",شعرية محمرة,عام,218.0,5.1,6.0,36.0,0.3,-,0,1.0,-,"International, Vegetarian, Vegan"
اطباق عربية 3,"Rice, grains (long)",حبوب أرز طويلة,مكونات,357.0,8.7,0.8,78.7,0.3,0,0,0.1,0,"International, Vegetarian, Vegan, Gluten-Free"
اطباق عربية 3,"Rice, grains (short)",حبوب أرز قصيرة,مكونات,351.0,7.3,0.7,78.8,0.3,0,0,0.1,0,"International, Vegetarian, Vegan, Gluten-Free"
اطباق عربية 3,"Rice, flour",دقيق أرز,مكونات,354.0,7.3,0.5,80.0,0.3,0,0,0.1,0,"International, Vegetarian, Vegan"
اطباق عربية 3,"Rice, fried",أرز محمر,عام,214.0,3.6,3.9,41.1,1.3,-,0,0.5,-,"International, Vegetarian, Vegan, Gluten-Free"
اطباق عربية 3,"Rice, fried with noodles",أرز محمر بالشعرية,مصري,219.0,3.5,4.5,41.1,1.2,-,0,0.6,-,"Arabic, Egyptian, Vegetarian, Vegan"
اطباق عربية 3,"Rice, fried with onions",أرز محمر بالبصل,عام,203.0,3.1,4.6,37.2,0.8,-,0,0.6,-,"International, Vegetarian, Vegan, Gluten-Free"
اطباق عربية 3,"Rice, fortified-baby food",أرز معزز للأطفال,عام,420.0,16.2,10.0,66.4,2.9,375,400 IU,5.0,40,"International, Vegetarian, Vegan, Gluten-Free, High-Protein"
اطباق عربية 3,Rice (Koshari),كشري,مصري,172.0,6.5,5.2,24.7,1.1,-,0,0.7,-,"Arabic, Egyptian, Vegetarian, Vegan"
اطباق عربية 3,"Rice (Koshari), market",كشري سوق,مصري,157.0,4.5,3.7,26.3,0.9,-,0,0.5,-,"Arabic, Egyptian, Vegetarian, Vegan"
اطباق عربية 3,"Rice, pudding with milk",أرز باللبن,مصري,129.0,3.3,2.6,23.1,0.5,-,10 IU,0.1,-,"Arabic, Egyptian, Sweet, Dessert, Dairy, Vegetarian, Gluten-Free"
اطباق عربية 3,"Rice, puffed/crisp",أرز كريسبي,عام,379.0,9.0,0.7,84.2,0.3,-,0,0.1,-,"International, Vegetarian, Vegan, Gluten-Free"
اطباق عربية 3,Semolina,سميد,مكونات,360.0,12.0,1.8,74.0,0.4,0,0,0.2,0,"International, Vegetarian, Vegan"
اطباق عربية 3,"Sorghum, grains",ذرة عويجة,مكونات,366.0,10.9,3.6,72.6,2.2,T,0,0.5,0,"International, Vegetarian, Vegan, Gluten-Free"
اطباق عربية 3,"Wheat, bran",ردة,مكونات,313.0,14.4,3.9,55.0,10.0,0,0,1.5,0,"International, Vegetarian, Vegan, High-Fiber"
اطباق عربية 3,"Wheat, grains",حبوب قمح,مكونات,344.0,12.0,1.6,70.3,2.4,0,0,0.8,0,"International, Vegetarian, Vegan"
اطباق عربية 3,"Wheat, grains (Belila, canned)",بليلة قمح معلبة,مصري,95.0,2.4,0.6,20.0,0.6,0,0,0.2,0,"Arabic, Egyptian, Vegetarian, Vegan, Low-Calorie"
اطباق عربية 3,"Wheat, flour (brown)",دقيق أسمر,مكونات,350.0,11.8,1.3,72.7,1.1,0,0,0.6,0,"International, Vegetarian, Vegan"
اطباق عربية 3,"Wheat, flour (white)",دقيق أبيض,مكونات,354.0,10.0,1.0,76.3,0.4,0,0,0.3,0,"International, Vegetarian, Vegan"
اطباق عربية 3,"Wheat, fortified-baby food",دقيق قمح معزز للأطفال,عام,413.0,17.0,10.0,63.8,2.2,375,400 IU,5.0,40,"International, Vegetarian, Vegan, High-Protein"
اطباق عربية 3,"Wheat, Koskos plain",كسكسي,مغاربي,213.0,5.8,0.7,45.8,0.3,-,0,0.1,-,"Arabic, Maghrebi, Vegetarian, Vegan"
اطباق عربية 3,"Wheat, Koskos sweet",كسكسي بالسكر,مغاربي,283.0,5.8,9.8,42.9,0.4,-,0,1.2,-,"Arabic, Maghrebi, Sweet, Dessert, Dairy, Vegetarian"
اطباق عربية 3,"Wheat, parboiled (Burghul)",برغل,شامي,352.0,12.5,1.8,71.4,1.0,-,0,0.8,0,"Arabic, Levantine, Vegetarian, Vegan"
اطباق عربية 3,"Wheat, rubbed (Fereek)",فريك,مصري,351.0,11.6,1.7,72.4,2.1,-,0,0.8,0,"Arabic, Egyptian, Vegetarian, Vegan"
اطباق عربية 3,"Wheat, rubbed, cooked",فريك مطهي,عام,199.0,5.3,4.0,35.4,1.0,-,0,0.5,-,"International, Vegetarian, Vegan"
اطباق عربية 3,"Wheat, rubbed/meat, cooked",فريك مطهي باللحم,عام,213.0,7.8,6.4,31.0,0.6,-,0,0.8,-,"International, Meat, Healthy"
اطباق عربية 3,"Biscuit, chocolate coat",بسكويت مغطى بالشوكولاتة,حلويات,517.0,10.5,27.5,56.8,1.0,T,0,3.0,0,"International, Sweet, Dessert, Dairy, Vegetarian"
اطباق عربية 3,"Biscuit, cream fill",بسكويت محشي كريمة,حلويات,509.0,7.3,25.0,63.6,0.6,T,0,2.5,0,"International, Sweet, Dessert, Dairy, Vegetarian"
اطباق عربية 3,"Biscuit, date fill",بسكويت محشي بلح,حلويات,453.0,6.4,15.8,71.2,1.0,T,0,1.5,0,"International, Sweet, Dessert, Dairy, Vegetarian"
اطباق عربية 3,"Biscuit, digestive",بسكويت دايجستف,حلويات,468.0,7.5,20.0,64.6,3.0,0,0,2.0,0,"International, Sweet, Dessert, Dairy, Vegetarian"
اطباق عربية 3,"Biscuit, nice",بسكويت نايس,حلويات,454.0,9.8,15.0,70.0,0.9,0,0,1.5,0,"International, Sweet, Dessert, Dairy, Vegetarian"
اطباق عربية 3,"Biscuit, plain",بسكويت سادة,حلويات,438.0,9.6,11.8,73.3,0.8,0,0,1.2,0,"International, Sweet, Dessert, Dairy, Vegetarian"
اطباق عربية 3,"Biscuit, plain (Fe-fortified)",بسكويت سادة معزز بالحديد,حلويات,440.0,9.4,12.0,73.5,0.8,0,0,1.2,0,"International, Sweet, Dessert, Dairy, Vegetarian"
اطباق عربية 3,"Biscuit, salted",بسكويت بالملح,عام,438.0,10.1,13.7,68.6,0.3,T,0,1.5,0,"International, Vegetarian, Vegan"
اطباق عربية 3,"Biscuit, salted (pretzel)",بسكويت مالح (بريتزل),عالمي,398.0,9.8,3.0,82.9,0.3,0,0,0.3,0,"Western, Vegetarian, Vegan"
اطباق عربية 3,"Biscuit, wafers chocolate coat",بسكويت ويفر مغطى بالشوكولاتة,حلويات,535.0,6.4,29.8,60.4,0.6,T,0,3.0,0,"International, Sweet, Dessert, Dairy, Vegetarian"
اطباق عربية 3,"Biscuit, wafers cream fill",بسكويت ويفر محشي كريمة,حلويات,515.0,6.3,25.4,65.2,0.6,T,0,2.5,0,"International, Sweet, Dessert, Dairy, Vegetarian"
اطباق عربية 3,"Bread, Baladi",خبز بلدي,مصري,254.0,8.8,1.0,52.5,1.3,0,0,0.1,0,"Arabic, Egyptian, Vegetarian, Vegan"
اطباق عربية 3,"Bread, Baladi (wheat/corn)",خبز بلدي (قمح-ذرة),مصري,256.0,9.0,1.3,52.0,1.4,0,0,0.2,0,"Arabic, Egyptian, Vegetarian, Vegan"
اطباق عربية 3,"Bread, bran dry (sin)",خبز سن,مصري,369.0,12.3,2.1,75.2,3.3,-,0,0.5,-,"Arabic, Egyptian, Vegetarian, Vegan"
اطباق عربية 3,"Bread, buns with sesame",خبز كايزر بالسمسم,مصري,273.0,12.5,3.0,49.0,1.1,-,0,0.4,-,"Arabic, Egyptian, Vegetarian, Vegan"
اطباق عربية 3,"Bread, corn/wheat (1:1)",خبز فلاحي ذرة-قمح,مصري,355.0,9.9,2.5,73.2,1.1,0,0,0.3,0,"Arabic, Egyptian, Vegetarian, Vegan"
اطباق عربية 3,"Bread, corn/wheat (1:2)",خبز فلاحي ذرة-قمح,مصري,360.0,10.1,2.8,73.7,1.9,0,0,0.3,0,"Arabic, Egyptian, Vegetarian, Vegan"
اطباق عربية 3,"Bread, corn/wheat (2:1)",خبز فلاحي ذرة-قمح,مصري,351.0,9.8,2.9,71.3,2.0,T,0,0.4,0,"Arabic, Egyptian, Vegetarian, Vegan"
اطباق عربية 3,"Bread, crumb",مسحوق بقسماط,مكونات,356.0,10.3,2.0,74.2,2.0,0,0,0.2,0,"International, Vegetarian, Vegan"
اطباق عربية 3,"Bread, French",خبز فرنسي,عالمي,285.0,8.7,1.0,60.3,0.3,0,0,0.1,0,"Western, Vegetarian, Vegan"
اطباق عربية 3,"Bread, Lebanese",خبز لبناني,شامي,311.0,9.2,0.7,66.9,0.3,0,0,0.1,0,"Arabic, Levantine, Dairy, Vegetarian"
اطباق عربية 3,"Bread, Lebanese (brown)",خبز لبناني أسمر,شامي,293.0,9.4,2.1,59.1,2.5,0,0,0.5,0,"Arabic, Levantine, Dairy, Vegetarian"
اطباق عربية 3,"Bread, Shami",خبز شامي,شامي,292.0,8.6,0.9,62.3,0.2,0,0,0.1,0,"Arabic, Levantine, Vegetarian, Vegan"
اطباق عربية 3,"Bread, Shamsy",خبز شمسي,مصري,259.0,9.2,1.1,53.1,0.6,0,0,0.2,0,"Arabic, Egyptian, Vegetarian, Vegan"
اطباق عربية 3,"Bread, sliced (brown toast)",توست أسمر شرائح,عالمي,257.0,8.9,1.9,51.1,2.4,0,0,0.5,0,"Western, Vegetarian, Vegan"
اطباق عربية 3,"Bread, sliced (white toast)",توست أبيض شرائح,عالمي,270.0,8.4,1.5,55.6,0.5,0,0,0.2,0,"Western, Vegetarian, Vegan"
اطباق عربية 3,"Bread, sticks with sesame",أصابع بقسماط بالسمسم,عام,379.0,11.7,2.9,76.5,1.3,T,0,0.5,0,"International, Vegetarian, Vegan"
اطباق عربية 3,"Bread, sticks (Fayesh)",فايش,مصري,398.0,12.0,7.5,70.6,0.9,-,0,1.0,0,"Arabic, Egyptian, Vegetarian, Vegan"
اطباق عربية 3,"Cakes, cup",كيك,حلويات,379.0,7.0,18.4,46.3,0.3,53,5 IU,2.0,0,"International, Sweet, Dessert, Dairy, Vegetarian"
اطباق عربية 3,"Cakes, sponge",كيك اسفنجي,حلويات,290.0,7.5,4.2,55.6,0.2,93,10 IU,0.5,0,"International, Sweet, Dessert, Dairy, Vegetarian"
اطباق عربية 3,Flaky pastry,كرواسون,عالمي,476.0,5.5,34.0,37.1,0.3,-,0,3.5,0,"Western, Vegetarian, Vegan"
اطباق عربية 3,"Pie, date (school)",فطيرة بالبلح,مصري,361.0,9.5,10.9,56.1,1.3,32,0,1.5,8,"Arabic, Egyptian, Vegetarian, Vegan"
اطباق عربية 3,"Pie, Fiteer, Meshaltet",فطير مشلتت,مصري,402.0,6.7,30.0,26.2,0.5,-,0,3.0,-,"Arabic, Egyptian, Vegetarian, Vegan"
اطباق عربية 3,"Pie, Fiteer, market",فطير,مصري,341.0,7.6,12.0,50.7,0.4,-,0,1.5,-,"Arabic, Egyptian, Vegetarian, Vegan"
اطباق عربية 3,"Pie, Rueak with meat",رقاق باللحم,مصري,279.0,8.5,18.6,19.4,1.0,-,5 IU,2.0,-,"Arabic, Egyptian, Meat"
اطباق عربية 3,"Pizza, cheese topping",بيتزا بالجبن,عالمي,243.0,12.0,9.9,26.5,1.0,-,5 IU,1.0,-,"Western, Dairy, Vegetarian, Healthy, High-Protein"
اطباق عربية 3,"Pizza, meat/sausage topping",بيتزا باللحم,عالمي,267.0,13.4,9.3,32.4,1.0,-,5 IU,1.0,-,"Western, Meat"
اطباق عربية 3,"Pizza, seafood topping",بيتزا فواكه البحر,عالمي,252.0,10.0,8.0,35.1,0.8,-,10 IU,1.0,-,"Western, Seafood"
اطباق عربية 3,"Pizza, vegetarian",بيتزا الخضراوات,عالمي,230.0,5.9,7.1,35.6,1.0,-,0,1.0,-,"Western, Vegetarian, Vegan"
اطباق عربية 3,"Sandwiches, cheese white",سندوتش جبن أبيض,عام,180.0,7.5,4.0,28.5,1.0,-,2 IU,0.5,-,"Western, Dairy, Vegetarian, Healthy"
اطباق عربية 3,"Sandwiches, cheese yellow",سندوتش جبن أصفر,عام,262.0,10.5,7.0,39.3,1.2,-,5 IU,0.8,-,"Western, Dairy, Vegetarian"
اطباق عربية 3,"Sandwiches, fried brain",سندوتش مخ مقلي,مصري,232.0,10.1,11.5,21.9,0.3,-,5 IU,1.5,-,"Arabic, Egyptian, Meat, High-Protein"
اطباق عربية 3,"Sandwiches, fried chicken",سندوتش دجاج مقلي,عالمي,259.0,9.6,10.0,32.7,1.0,-,0,1.5,-,"Western, Poultry"
اطباق عربية 3,"Sandwiches, fried eggplant",سندوتش باذنجان مقلي,عام,123.0,4.0,5.5,31.9,0.8,-,0,1.5,-,"Western, Vegetarian, Vegan"
اطباق عربية 3,"Sandwiches, fried liver",سندوتش كبدة مقلي,مصري,238.0,14.4,6.8,29.7,0.6,-,15 IU,1.0,-,"Arabic, Egyptian, Meat, High-Protein"
اطباق عربية 3,"Sandwiches, fried shrimp",سندوتش جمبري مقلي,عام,252.0,10.2,10.5,29.1,0.7,-,10 IU,1.5,-,"Western, Seafood"
اطباق عربية 3,"Sandwiches, fried Taamia",سندوتش طعمية مقلي,مصري,205.0,6.1,5.8,32.2,1.3,-,0,1.0,-,"Arabic, Egyptian, Vegetarian, Vegan"
اطباق عربية 3,"Sandwiches, grilled chicken",سندوتش دجاج مشوي,عام,223.0,11.4,8.0,26.4,0.9,-,0,1.0,-,"Western, Poultry, Healthy, High-Protein"
اطباق عربية 3,"Sandwiches, grilled Kofta",سندوتش كفتة مشوية,مصري,224.0,12.0,7.5,27.2,0.6,-,5 IU,1.0,-,"Arabic, Egyptian, Levantine, Meat, Healthy, High-Protein"
اطباق عربية 3,"Sandwiches, hamburger",سندوتش هامبرجر,عالمي,216.0,8.8,7.5,28.4,0.8,-,5 IU,0.8,-,"Western, Meat, Healthy, High-Protein"
اطباق عربية 3,"Sandwiches, hotdog",سندوتش نقانق,عالمي,221.0,8.8,6.5,31.9,0.5,-,5 IU,0.7,-,"Western, Meat, High-Protein"
اطباق عربية 3,"Sandwiches, shawerma meat",سندوتش شاورمة لحم,شامي,220.0,10.7,7.0,28.6,0.7,-,5 IU,0.8,-,"Arabic, Levantine, Meat, Healthy, High-Protein"
اطباق عربية 3,"Sandwiches, stewed Foul",سندوتش فول,مصري,173.0,5.0,2.2,33.3,1.5,-,0,0.5,-,"Arabic, Egyptian, Vegetarian, Vegan, Healthy"
اطباق عربية 3,Chufa tuber (Hab-alaziz),حب عزيز,مصري,413.0,5.7,16.2,61.1,9.3,0,0,2.0,0,"Arabic, Egyptian, Vegetarian, Vegan, Gluten-Free, High-Fiber"
اطباق عربية 3,"Chufa tuber, wet",حب عزيز منقوع,مصري,278.0,4.0,9.3,44.6,5.0,0,0,1.0,0,"Arabic, Egyptian, Vegetarian, Vegan, Gluten-Free, High-Fiber"
اطباق عربية 3,Colocasia,قلقاس,مكونات,77.0,2.1,0.2,16.6,0.8,11,0,0.1,6,"International, Vegetarian, Vegan, Gluten-Free, Low-Calorie"
اطباق عربية 3,"Colocasia, cooked",قلقاس مطهي,مصري,91.0,2.5,4.4,10.3,0.3,-,0,0.5,-,"Arabic, Egyptian, Vegetarian, Vegan, Gluten-Free, Low-Calorie"
اطباق عربية 3,Potatoes,بطاطس,مكونات,73.0,1.6,0.1,16.4,0.6,2,0,0.1,18,"International, Vegetarian, Vegan, Gluten-Free, Low-Calorie"
اطباق عربية 3,"Potatoes, chips",بطاطس شيبس,عام,557.0,5.5,37.5,49.4,1.6,T,0,4.0,0,"International, Vegetarian, Vegan, Gluten-Free"
اطباق عربية 3,"Potatoes, fries",بطاطس محمرة,عام,281.0,4.1,14.5,33.4,1.0,-,0,2.0,-,"International, Vegetarian, Vegan, Gluten-Free"
اطباق عربية 3,"Potatoes, cooked with tomato",بطاطس مطهية بالصلصة,عام,104.0,1.2,3.5,16.9,0.4,-,0,0.5,-,"International, Vegetarian, Vegan, Gluten-Free"
اطباق عربية 3,"Potatoes, mashed with milk",بطاطس بيوريه باللبن,عام,80.0,2.2,1.9,13.6,0.4,-,2 IU,0.2,-,"International, Dairy, Vegetarian, Gluten-Free, Healthy, Low-Calorie"
اطباق عربية 3,"Potatoes, mashed/meat/egg",بطاطس بيوريه باللحم والبيض,عام,121.0,6.0,7.0,8.4,0.5,-,10 IU,0.8,-,"International, Meat, Egg, Gluten-Free, Healthy"
اطباق عربية 3,"Potatoes, meat stuff",بطاطس محشوة باللحم,عام,115.0,3.1,5.0,14.5,0.6,-,2 IU,0.6,-,"International, Meat, Gluten-Free, Healthy"
اطباق عربية 3,Sweetpotatoes,بطاطا,عام,112.0,1.8,0.3,25.5,0.9,570,0,0.3,24,"International, Sweet, Dessert, Dairy, Vegetarian, Gluten-Free"
اطباق عربية 3,"Beans, broad",فول جاف,مكونات,326.0,24.1,1.5,54.0,6.9,9,0,0.1,5,"International, Vegetarian, Vegan, Gluten-Free, High-Protein, High-Fiber"
اطباق عربية 3,"Beans, broad (Bisara)",بصارة,مصري,130.0,6.0,4.0,17.4,3.0,-,0,0.5,8,"Arabic, Egyptian, Vegetarian, Vegan, Gluten-Free"
اطباق عربية 3,"Beans, broad, decorticated",فول مدشوش,مكونات,346.0,25.9,2.0,56.2,2.8,13,0,0.2,2,"International, Vegetarian, Vegan, Gluten-Free, High-Protein"
اطباق عربية 3,"Beans, broad (Foul), canned",فول مدمس معلب,مصري,132.0,6.1,5.0,15.7,2.1,T,0,0.6,0,"Arabic, Egyptian, Vegetarian, Vegan, Gluten-Free, Healthy"
اطباق عربية 3,"Beans, broad (FoulMedames)",فول مدمس,مصري,98.0,5.6,0.7,17.2,2.0,T,0,0.1,0,"Arabic, Egyptian, Vegetarian, Vegan, Gluten-Free, Healthy, Low-Calorie"
اطباق عربية 3,"Beans, broad (Menabet)",فول نابت,مصري,145.0,10.4,0.7,24.2,2.9,5,0,0.1,3,"Arabic, Egyptian, Vegetarian, Vegan, Gluten-Free, Healthy, High-Protein"
اطباق عربية 3,"Beans, broad (Nabet) cooked",فول نابت مطهي,مصري,114.0,8.8,0.6,18.4,1.0,T,0,0.1,0,"Arabic, Egyptian, Vegetarian, Vegan, Gluten-Free, Healthy, High-Protein"
اطباق عربية 3,"Beans, broad (Taamia), fried",طعمية مقلية,مصري,355.0,10.9,20.1,32.6,1.5,-,0,2.0,6,"Arabic, Egyptian, Vegetarian, Vegan, Gluten-Free"
اطباق عربية 3,"Beans, kidney (red)",فاصوليا حمراء جافة,مكونات,323.0,23.1,1.3,54.8,5.8,T,0,0.2,3,"International, Vegetarian, Vegan, Gluten-Free, High-Protein, High-Fiber"
اطباق عربية 3,"Beans, kidney (white)",فاصوليا بيضاء جافة,مكونات,333.0,22.1,1.4,58.0,4.2,0,0,0.2,2,"International, Vegetarian, Vegan, Gluten-Free, High-Protein"
اطباق عربية 3,"Beans, kidney white, cooked",فاصوليا بيضاء مطهية,عام,134.0,8.9,2.4,19.3,1.9,-,0,0.3,-,"International, Vegetarian, Vegan, Gluten-Free, Healthy, High-Protein"
اطباق عربية 4,Beans kidney white/meat,فاصوليا بيضاء مطبوخة باللحم,عام,152.0,11.4,5.6,14.0,2.0,-,0.0,0.5,-,"International, Meat, Gluten-Free, Healthy, High-Protein"
اطباق عربية 4,Beans mung,فول المانج الجاف,مكونات,352.0,21.4,2.0,62.1,4.0,12,0.0,0.5,4,"International, Vegetarian, Vegan, Gluten-Free, High-Protein"
اطباق عربية 4,Chickpeas,حمص شامى جاف,مكونات,352.0,20.3,4.2,58.3,5.3,10,0.0,0.8,4,"International, Vegetarian, Vegan, Gluten-Free, High-Protein, High-Fiber"
اطباق عربية 4,Chickpeas (Homos Sham),حمص الشام,مكونات,138.0,7.0,1.6,23.9,2.1,T,0.0,0.3,0,"International, Vegetarian, Vegan, Gluten-Free, Healthy"
اطباق عربية 4,Chickpeas yellow,حمص أصفر جاف,مكونات,354.0,19.6,4.4,59.0,3.4,19,0.0,0.8,2,"International, Vegetarian, Vegan, Gluten-Free, High-Protein"
اطباق عربية 4,Cowpeas,لوبيا جافة,مكونات,330.0,23.0,1.2,56.7,4.7,3,0.0,0.5,2,"International, Vegetarian, Vegan, Gluten-Free, High-Protein"
اطباق عربية 4,Cowpeas cooked,لوبيا مطبوخة,عام,131.0,8.5,3.5,16.4,2.0,-,0.0,0.2,-,"International, Vegetarian, Vegan, Gluten-Free, High-Protein"
اطباق عربية 4,Cowpeas cooked with meat,لوبيا مطبوخة باللحم,عام,146.0,11.0,5.5,13.0,2.5,-,0.0,0.3,-,"International, Meat, Gluten-Free, Healthy, High-Protein"
اطباق عربية 4,Fenugreek,حلبة جافة,مكونات,356.0,25.6,6.7,48.3,6.5,132,0.0,1.0,4,"International, Vegetarian, Vegan, Gluten-Free, High-Protein, High-Fiber"
اطباق عربية 4,Lentils un-peeled,عدس بجبه جاف,مكونات,340.0,22.4,1.1,60.0,3.8,12,0.0,0.5,0,"International, Vegetarian, Vegan, Gluten-Free, High-Protein"
اطباق عربية 4,Lentils un-peeled cooked,عدس بجبه مطبوخ,عام,151.0,5.8,5.6,19.3,2.3,-,0.0,0.2,-,"International, Vegetarian, Vegan, Gluten-Free, Healthy"
اطباق عربية 4,Lentils peeled (yellow),عدس أصفر جاف,مكونات,340.0,22.9,0.7,60.5,2.1,15,0.0,0.5,0,"International, Vegetarian, Vegan, Gluten-Free, High-Protein"
اطباق عربية 4,Lentils peeled/rice cooked,عدس أصفر مطبوخ بالارز,عام,140.0,6.2,5.2,17.1,1.2,-,0.0,0.2,-,"International, Vegetarian, Vegan, Gluten-Free, Healthy"
اطباق عربية 4,Lentils peeled soup,شوربة عدس,عام,68.0,4.8,1.5,8.8,0.7,-,0.0,0.1,-,"International, Vegetarian, Vegan, Gluten-Free, Healthy, Low-Calorie"
اطباق عربية 4,Lupines,ترمس جاف,مكونات,355.0,38.0,9.0,30.5,11.0,T,0.0,1.0,0,"International, Vegetarian, Vegan, Gluten-Free, High-Protein, High-Fiber"
اطباق عربية 4,Lupines (Termis),ترمس منقوع بالملح,مصري,111.0,9.6,2.7,12.0,3.0,T,0.0,0.3,5,"Arabic, Egyptian, Vegetarian, Vegan, Gluten-Free, High-Protein"
اطباق عربية 4,Peas,بسلة جافة,مكونات,345.0,22.1,2.1,59.4,3.9,34,0.0,0.4,4,"International, Vegetarian, Vegan, Gluten-Free, High-Protein"
اطباق عربية 4,Soybeans,فول صويا,مكونات,426.0,31.7,19.9,30.1,4.3,0,0.0,0.8,0,"International, Vegetarian, Vegan, Gluten-Free, High-Protein"
اطباق عربية 4,Soybeans flour,دقيق فول صويا,مكونات,362.0,44.5,3.9,37.1,2.8,0,0.0,1.2,0,"International, Vegetarian, Vegan, High-Protein"
اطباق عربية 4,Almonds,لوز جاف,مكونات,640.0,17.6,55.8,16.8,2.5,21,0.0,25.6,0,"International, Vegetarian, Vegan, Gluten-Free, High-Protein"
اطباق عربية 4,Coconuts dry,جوز هند جاف,مكونات,689.0,6.0,65.0,20.0,4.0,0,0.0,0.2,0,"International, Vegetarian, Vegan, Gluten-Free"
اطباق عربية 4,Hazelnuts,بندق جاف,مكونات,633.0,18.6,55.7,14.4,3.7,24,0.0,15.0,0,"International, Vegetarian, Vegan, Gluten-Free, High-Protein"
اطباق عربية 4,Peanuts,فول سوداني,مكونات,585.0,26.4,44.9,18.8,2.9,84,0.0,8.3,0,"International, Vegetarian, Vegan, Gluten-Free, High-Protein"
اطباق عربية 4,Pinenuts,صنوبر جاف,مكونات,614.0,30.2,50.2,10.3,1.0,5,0.0,9.3,0,"International, Vegetarian, Vegan, Gluten-Free, High-Protein"
اطباق عربية 4,Pistachio nuts,فستق جاف,مكونات,631.0,20.9,54.1,15.1,1.8,54,0.0,2.8,0,"International, Vegetarian, Vegan, Gluten-Free, High-Protein"
اطباق عربية 4,Pumpkin seeds/salted,لب قرع مملح,مكونات,591.0,23.9,48.0,15.8,3.5,21,0.0,0.5,0,"International, Vegetarian, Vegan, Gluten-Free, High-Protein"
اطباق عربية 4,Sesame seeds,حبوب السمسم الجافة,مكونات,600.0,19.0,51.8,14.5,5.5,9,0.0,0.2,0,"International, Vegetarian, Vegan, Gluten-Free, High-Protein, High-Fiber"
اطباق عربية 4,Sesame butter (Tehina),طحينة سمسم,مكونات,660.0,20.0,60.0,10.0,4.0,11,0.0,0.3,0,"International, Dairy, Vegetarian, High-Protein"
اطباق عربية 4,Walnuts,جوز جاف,مكونات,695.0,14.7,64.9,13.0,2.2,7,0.0,0.7,5,"International, Vegetarian, Vegan, Gluten-Free"
اطباق عربية 4,Watermelon seeds/salted,لب بطيخ مملح,مكونات,592.0,34.7,48.0,5.3,3.0,0,0.0,0.5,0,"International, Vegetarian, Vegan, Gluten-Free, Keto-Friendly, High-Protein"
اطباق عربية 4,Artichokes,خرشوف,مكونات,45.0,3.5,0.2,7.4,2.0,15,0.0,0.2,11,"International, Vegetarian, Vegan, Gluten-Free, Keto-Friendly, Low-Calorie"
اطباق عربية 4,Artichokes salad,سلطة خرشوف,عام,89.0,2.7,4.7,9.0,1.4,-,0.0,1.0,-,"International, Vegetarian, Vegan, Gluten-Free, Healthy, Low-Calorie"
اطباق عربية 4,Beans broad (green),فول حراتي,مكونات,79.0,5.7,0.4,13.2,2.4,34,0.0,0.3,27,"International, Vegetarian, Vegan, Gluten-Free, Healthy, Low-Calorie"
اطباق عربية 4,Beans green,فاصوليا خضراء,مكونات,30.0,1.8,0.2,5.2,1.1,57,0.0,0.4,18,"International, Vegetarian, Vegan, Gluten-Free, Healthy, Low-Calorie"
اطباق عربية 4,Beans green cooked,فاصوليا خضراء مطبوخة,عام,61.0,1.9,3.2,6.2,1.1,-,0.0,0.5,-,"International, Vegetarian, Vegan, Gluten-Free, Healthy, Low-Calorie"
اطباق عربية 4,Beetroots,بنجر,مكونات,45.0,1.5,0.1,9.5,1.1,5,0.0,0.1,8,"International, Vegetarian, Vegan, Gluten-Free, Low-Calorie"
اطباق عربية 4,Broccoli,بروكلي,مكونات,38.0,3.5,0.3,5.4,1.5,150,0.0,0.8,95,"International, Vegetarian, Vegan, Gluten-Free, Keto-Friendly, Low-Calorie"
اطباق عربية 4,Brussels sprouts,كرنب بروكلي,مكونات,50.0,4.6,0.4,6.9,1.3,75,0.0,0.9,65,"International, Vegetarian, Vegan, Gluten-Free, Keto-Friendly, Low-Calorie"
اطباق عربية 4,Cabbage red,كرنب أحمر,مكونات,31.0,1.6,0.3,5.4,1.5,8,0.0,0.1,54,"International, Vegetarian, Vegan, Gluten-Free, Low-Calorie"
اطباق عربية 4,Cabbage white,كرنب أبيض,مكونات,27.0,1.3,0.2,5.0,1.2,5,0.0,0.1,35,"International, Vegetarian, Vegan, Gluten-Free, Healthy, Low-Calorie"
اطباق عربية 4,Cabbage rice stuff,محشي كرنب (أرز),مصري,127.0,3.5,4.0,19.2,1.2,-,0.0,0.5,-,"Arabic, Egyptian, Vegetarian, Vegan, Gluten-Free"
اطباق عربية 4,Cabbage rice/meat stuff,محشي كرنب (أرز - لحم),مصري,140.0,5.0,6.2,16.1,1.2,-,0.0,0.6,-,"Arabic, Egyptian, Meat, Gluten-Free, Healthy"
اطباق عربية 4,Carrots,جزر,مكونات,36.0,1.2,0.2,7.4,1.0,1871,0.0,0.7,8,"International, Vegetarian, Vegan, Gluten-Free, Low-Calorie"
اطباق عربية 4,Cauliflower,قرنبيط,مكونات,28.0,2.3,0.3,4.1,1.0,4,0.0,0.1,58,"International, Vegetarian, Vegan, Gluten-Free, Keto-Friendly, Low-Calorie"
اطباق عربية 4,Cauliflower cooked,قرنبيط مطبوخ مقلي,عام,49.0,2.0,2.1,5.4,0.8,-,0.0,0.5,-,"International, Vegetarian, Vegan, Gluten-Free, Keto-Friendly, Low-Calorie"
اطباق عربية 4,Cauliflower/meat cooked,قرنبيط مطبوخ باللحم,عام,62.0,3.7,3.1,4.9,0.7,-,0.0,0.6,-,"International, Meat, Gluten-Free, Keto-Friendly, Healthy, Low-Calorie"
اطباق عربية 4,Celery,كرفس,مكونات,52.0,0.9,0.2,11.7,0.7,15,0.0,0.3,7,"International, Vegetarian, Vegan, Gluten-Free, Low-Calorie"
اطباق عربية 4,Chard Swiss,سلق,مكونات,27.0,2.3,0.4,3.5,0.9,666,0.0,1.9,18,"International, Vegetarian, Vegan, Gluten-Free, Keto-Friendly, Low-Calorie"
اطباق عربية 4,Chickpeas green,حمص أخضر,مكونات,139.0,4.7,1.3,27.0,1.7,-,0.0,0.5,40,"International, Vegetarian, Vegan, Gluten-Free, Healthy"
اطباق عربية 4,Chicory,شيكوريا,مكونات,27.0,1.8,0.4,4.0,0.9,-,0.0,2.3,35,"International, Vegetarian, Vegan, Gluten-Free, Low-Calorie"
اطباق عربية 4,Coriander,كسبرة,مكونات,34.0,3.7,0.6,3.5,1.7,470,0.0,2.5,75,"International, Vegetarian, Vegan, Gluten-Free, Keto-Friendly, Low-Calorie"
اطباق عربية 4,Cowpeas,لوبيا خضراء,مكونات,50.0,3.5,0.3,8.4,1.6,45,0.0,0.5,25,"International, Vegetarian, Vegan, Gluten-Free, Low-Calorie"
اطباق عربية 4,Cucumber,خيار,مكونات,16.0,0.7,0.1,3.1,0.6,4,0.0,0.0,9,"International, Vegetarian, Vegan, Gluten-Free, Low-Calorie"
اطباق عربية 4,Cucumber pickled,خيار مخلل,عام,22.0,1.1,0.0,4.5,0.4,T,0.0,0.0,0,"International, Vegetarian, Vegan, Gluten-Free, Low-Calorie"
اطباق عربية 4,Dill,شبت,مكونات,36.0,2.9,0.5,5.0,1.2,300,0.0,0.4,34,"International, Vegetarian, Vegan, Gluten-Free, Keto-Friendly, Low-Calorie"
اطباق عربية 4,Eggplant black or white,باذنجان أبيض أو أسود,مكونات,28.0,1.7,0.2,4.9,1.2,8,0.0,0.3,6,"International, Vegetarian, Vegan, Gluten-Free, Healthy, Low-Calorie"
اطباق عربية 4,Eggplant round,باذنجان رومي,مكونات,27.0,1.8,0.1,4.8,1.4,6,0.0,0.3,8,"International, Vegetarian, Vegan, Gluten-Free, Healthy, Low-Calorie"
اطباق عربية 4,Eggplant cooked,باذنجان رومي مطبوخ,عام,73.0,1.6,5.3,4.7,0.8,-,0.0,1.0,-,"International, Vegetarian, Vegan, Gluten-Free, Keto-Friendly, Healthy, Low-Calorie"
اطباق عربية 4,Eggplant cooked with meat,باذنجان رومي مطبوخ باللحم,عام,84.0,3.6,6.0,4.0,0.7,-,0.0,1.2,-,"International, Meat, Gluten-Free, Keto-Friendly, Healthy, Low-Calorie"
اطباق عربية 4,Eggplant fried,باذنجان مقلي,عام,175.0,1.5,17.0,3.9,1.0,-,0.0,2.0,-,"International, Vegetarian, Vegan, Gluten-Free, Keto-Friendly"
اطباق عربية 4,Eggplant rice stuff,باذنجان محشي,مصري,126.0,3.0,4.0,19.5,1.0,-,0.0,1.0,-,"Arabic, Egyptian, Vegetarian, Vegan, Gluten-Free, Healthy"
اطباق عربية 4,Fennel,شمر,مكونات,37.0,2.6,0.5,5.4,1.5,-,0.0,0.6,28,"International, Vegetarian, Vegan, Gluten-Free, Keto-Friendly, Low-Calorie"
اطباق عربية 4,Fenugreek leaves,حلبة أوراق,مكونات,45.0,3.5,0.5,6.5,1.4,700,0.0,1.5,60,"International, Vegetarian, Vegan, Gluten-Free, Keto-Friendly, Low-Calorie"
اطباق عربية 4,Garden rocket,جرجير,مكونات,32.0,2.5,0.5,4.4,1.0,364,0.0,1.4,125,"International, Vegetarian, Vegan, Gluten-Free, Keto-Friendly, Low-Calorie"
اطباق عربية 4,Garlic bulb,ثوم,مكونات,142.0,5.6,0.3,29.1,1.2,-,0.0,0.1,5,"International, Vegetarian, Vegan, Gluten-Free"
اطباق عربية 4,Grape leaves,ورق عنب,مكونات,80.0,4.0,0.6,14.7,2.3,1287,0.0,2.0,90,"Arabic, Vegetarian, Vegan, Gluten-Free, Low-Calorie"
اطباق عربية 4,Grape leaves pickled,ورق عنب مخلل,عام,71.0,7.3,0.6,9.1,3.0,-,0.0,2.0,13,"Arabic, Vegetarian, Vegan, Gluten-Free, Low-Calorie"
اطباق عربية 4,Grape leaves rice stuff,ورق عنب محشي,مصري,131.0,4.0,4.2,19.4,1.5,-,0.0,1.5,-,"Arabic, Egyptian, Vegetarian, Vegan, Gluten-Free"
اطباق عربية 4,Jew's mallow,ملوخية,مصري,54.0,5.0,1.0,6.3,1.5,1150,0.0,2.0,80,"Arabic, Egyptian, Vegetarian, Vegan, Gluten-Free, Keto-Friendly, Low-Calorie"
اطباق عربية 4,Jew's mallow cooked,ملوخية مطبوخة,مصري,91.0,3.5,6.0,5.7,1.5,-,0.0,2.5,-,"Arabic, Egyptian, Vegetarian, Vegan, Gluten-Free, Keto-Friendly, Low-Calorie"
اطباق عربية 4,Leeks bulb,كرات,مكونات,18.0,1.8,0.3,2.0,0.9,8,0.0,0.5,19,"International, Vegetarian, Vegan, Gluten-Free, Low-Calorie"
اطباق عربية 4,Lettuce Ice-burg,خس بلدي,مكونات,15.0,0.9,0.2,2.3,0.5,12,0.0,0.2,8,"International, Vegetarian, Vegan, Gluten-Free, Low-Calorie"
اطباق عربية 4,Lettuce leaves,خس بلدي أوراق,مكونات,16.0,1.1,0.3,2.1,0.7,181,0.0,0.3,10,"International, Vegetarian, Vegan, Gluten-Free, Low-Calorie"
اطباق عربية 4,Lettuce rice stuff,خس محشي أرز,مصري,124.0,3.1,4.0,18.8,1.0,-,0.0,0.5,-,"Arabic, Egyptian, Vegetarian, Vegan, Gluten-Free"
اطباق عربية 4,Lettuce rice/meat stuff,خس محشي أرز ولحم,مصري,147.0,5.0,7.0,16.0,0.9,-,0.0,1.0,-,"Arabic, Egyptian, Meat, Gluten-Free, Healthy"
اطباق عربية 4,Mallow,خبيزة,مكونات,55.0,5.0,0.6,7.5,1.3,1272,0.0,1.5,34,"International, Vegetarian, Vegan, Gluten-Free, Keto-Friendly, Low-Calorie"
اطباق عربية 4,Mallow cooked,خبيزة مطبوخة,عام,99.0,3.0,5.6,9.1,0.9,-,0.0,2.0,-,"International, Vegetarian, Vegan, Gluten-Free, Low-Calorie"
اطباق عربية 4,Mint,نعناع,مكونات,52.0,3.7,1.2,6.5,2.8,394,0.0,1.5,26,"International, Vegetarian, Vegan, Gluten-Free, Keto-Friendly, Low-Calorie"
اطباق عربية 4,Mushrooms,مشروم,مكونات,31.0,2.5,0.1,5.1,0.5,0,0.2,0.0,2,"International, Vegetarian, Vegan, Gluten-Free, Keto-Friendly, Low-Calorie"
اطباق عربية 4,Mushrooms canned,مشروم معلب,مكونات,27.0,3.2,0.1,3.4,0.5,0,0.1,0.0,0,"International, Vegetarian, Vegan, Gluten-Free, Keto-Friendly, Low-Calorie"
اطباق عربية 4,Okra,بامية,مكونات,47.0,2.0,0.2,9.3,1.0,13,0.0,0.3,20,"International, Vegetarian, Vegan, Gluten-Free, Low-Calorie"
اطباق عربية 4,Okra cooked,بامية مطبوخة,عام,72.0,2.8,3.6,7.2,0.7,-,0.0,0.8,-,"International, Vegetarian, Vegan, Gluten-Free, Keto-Friendly, Low-Calorie"
اطباق عربية 4,Okra cooked with meat,بامية مطبوخة باللحم,عام,89.0,5.1,5.0,5.8,0.6,-,0.0,1.0,-,"International, Meat, Gluten-Free, Keto-Friendly, Healthy, Low-Calorie"
اطباق عربية 4,Olives black pickled,زيتون أسود مخلل,عام,158.0,1.5,12.0,10.9,1.0,30,0.0,1.7,0,"International, Vegetarian, Vegan, Gluten-Free"
اطباق عربية 4,Olives green pickled,زيتون أخضر مخلل,عام,88.0,1.0,8.0,2.9,1.0,23,0.0,3.8,0,"International, Vegetarian, Vegan, Gluten-Free, Keto-Friendly, Low-Calorie"
اطباق عربية 4,Onions green,بصل أخضر,مكونات,49.0,1.1,0.2,10.7,0.9,60,0.0,0.1,18,"International, Vegetarian, Vegan, Gluten-Free, Low-Calorie"
اطباق عربية 4,Onions mature bulb,بصل,مكونات,60.0,1.2,0.2,13.3,0.7,9,0.0,0.0,7,"International, Vegetarian, Vegan, Gluten-Free, Low-Calorie"
اطباق عربية 4,Onions pickled,بصل مخلل,عام,53.0,0.5,0.2,12.2,1.4,T,0.0,0.0,0,"International, Vegetarian, Vegan, Gluten-Free, Low-Calorie"
اطباق عربية 4,Parsley,بقدونس,مكونات,50.0,3.3,0.4,8.2,1.3,1272,0.0,0.8,156,"International, Vegetarian, Vegan, Gluten-Free, Low-Calorie"
اطباق عربية 4,Peas,بسلة خضراء,مكونات,89.0,6.2,0.4,15.1,2.1,55,0.0,0.1,25,"International, Vegetarian, Vegan, Gluten-Free, Low-Calorie"
اطباق عربية 4,Peas/carrot cooked,بسلة بالجزر مطبوخة,عام,62.0,4.1,3.0,4.7,1.2,-,0.0,0.5,-,"International, Vegetarian, Vegan, Gluten-Free, Keto-Friendly, Low-Calorie"
اطباق عربية 4,Peppers green,فلفل أخضر,مكونات,24.0,1.3,0.3,4.1,1.5,30,0.0,0.4,110,"International, Vegetarian, Vegan, Gluten-Free, Low-Calorie"
اطباق عربية 4,Peppers orange/red/yellow,فلفل ألوان,مكونات,34.0,1.2,0.3,6.6,1.2,82,0.0,1.6,-,"International, Vegetarian, Vegan, Gluten-Free, Low-Calorie"
اطباق عربية 4,Pumpkin,قرع عسلي,مكونات,26.0,1.0,0.1,5.2,1.1,330,0.0,1.1,7,"International, Sweet, Dessert, Dairy, Vegetarian, Gluten-Free, Low-Calorie"
اطباق عربية 4,Purslane,رجلة,مكونات,31.0,2.0,0.5,4.5,1.0,606,0.0,1.2,65,"International, Vegetarian, Vegan, Gluten-Free, Low-Calorie"
اطباق عربية 4,Radishes red,فجل أحمر,مكونات,19.0,1.2,0.1,3.2,0.8,-,0.0,0.0,24,"International, Vegetarian, Vegan, Gluten-Free, Low-Calorie"
اطباق عربية 4,Radishes white,فجل أبيض,مكونات,27.0,1.4,0.1,5.0,1.0,-,0.0,0.0,30,"International, Vegetarian, Vegan, Gluten-Free, Healthy, Low-Calorie"
اطباق عربية 4,Radishes white root/leaves,فجل أبيض أوراق وجذور,مكونات,26.0,2.0,0.4,3.7,1.1,-,0.0,0.0,35,"International, Vegetarian, Vegan, Gluten-Free, Healthy, Low-Calorie"
اطباق عربية 4,Spinach,سبانخ,مكونات,22.0,2.5,0.3,2.4,0.7,1058,0.0,2.0,32,"International, Vegetarian, Vegan, Gluten-Free, Keto-Friendly, Low-Calorie"
اطباق عربية 4,Spinach cooked,سبانخ مطبوخة,عام,57.0,2.0,3.9,3.4,1.0,-,0.0,2.5,-,"International, Vegetarian, Vegan, Gluten-Free, Keto-Friendly, Low-Calorie"
اطباق عربية 4,Spinach cooked with meat,سبانخ مطبوخة باللحم,عام,75.0,4.0,5.2,3.1,0.7,-,0.0,2.8,-,"International, Meat, Gluten-Free, Keto-Friendly, Healthy, Low-Calorie"
اطباق عربية 4,Squash,كوسة,مكونات,24.0,1.3,0.2,4.2,0.8,12,0.0,0.1,12,"International, Vegetarian, Vegan, Gluten-Free, Low-Calorie"
اطباق عربية 4,Squash cooked,كوسة مطبوخة,عام,55.0,1.9,3.4,4.3,0.3,-,0.0,0.5,-,"International, Vegetarian, Vegan, Gluten-Free, Keto-Friendly, Low-Calorie"
اطباق عربية 4,Squash cooked with meat,كوسة مطبوخة باللحم,عام,67.0,3.4,4.6,2.9,0.5,-,0.0,0.8,-,"International, Meat, Gluten-Free, Keto-Friendly, Healthy, Low-Calorie"
اطباق عربية 4,Squash rice stuff,كوسة محشية أرز,مصري,103.0,2.1,2.7,17.6,1.0,-,0.0,0.5,-,"Arabic, Egyptian, Vegetarian, Vegan, Gluten-Free"
اطباق عربية 4,Squash rice/meat stuff,كوسة محشية أرز ولحم,مصري,112.0,3.0,4.0,16.0,0.9,-,0.0,0.8,-,"Arabic, Egyptian, Meat, Gluten-Free, Healthy"
اطباق عربية 4,Tomatoes,طماطم,مكونات,20.0,1.1,0.3,3.1,0.6,95,0.0,0.5,21,"International, Vegetarian, Vegan, Gluten-Free, Low-Calorie"
اطباق عربية 4,Tomato ketchup,كاتشب,مكونات,126.0,1.6,0.6,28.6,0.3,-,0.0,1.5,13,"Western, Vegetarian, Vegan, Gluten-Free"
اطباق عربية 4,Tomato paste,صلصة طماطم,مكونات,78.0,3.8,0.4,14.8,0.5,285,0.0,4.3,15,"International, Vegetarian, Vegan, Gluten-Free, Low-Calorie"
اطباق عربية 4,Turnips roots,لفت,مكونات,27.0,1.2,0.2,5.2,0.7,0,0.0,0.0,30,"International, Vegetarian, Vegan, Gluten-Free, Low-Calorie"
اطباق عربية 4,Vegetables pickled,طرشي,مصري,16.0,1.1,0.0,3.0,0.4,T,0.0,0.0,6,"Arabic, Egyptian, Vegetarian, Vegan, Gluten-Free, Low-Calorie"
اطباق عربية 4,Apples,تفاح,مكونات,57.0,0.4,0.2,13.5,0.8,5,0.0,0.2,7,"International, Vegetarian, Vegan, Gluten-Free, Low-Calorie"
اطباق عربية 4,Apricots,مشمش,مكونات,58.0,0.9,0.4,12.7,0.7,265,0.0,0.9,12,"International, Vegetarian, Vegan, Gluten-Free, Low-Calorie"
اطباق عربية 4,Apricots dried,مشمش مجفف,مكونات,282.0,4.5,0.6,64.6,3.2,590,0.0,4.3,2,"International, Vegetarian, Vegan, Gluten-Free"
اطباق عربية 4,Avocado,أفوكادو,مكونات,165.0,2.2,14.0,7.5,1.5,-,0.0,2.1,12,"International, Vegetarian, Vegan, Gluten-Free, Keto-Friendly"
اطباق عربية 4,Bananas,موز,مكونات,95.0,1.3,0.3,21.7,0.6,28,0.0,0.1,8,"International, Vegetarian, Vegan, Gluten-Free, Low-Calorie"
اطباق عربية 4,Cantaloupe,كانتلوب,مكونات,33.0,0.8,0.1,7.3,0.4,219,0.0,0.1,23,"International, Vegetarian, Vegan, Gluten-Free, Low-Calorie"
اطباق عربية 5,"Chicken, luncheon",لانشون دجاج,لحوم ودواجن,144.0,18,5.5,5.5,1.5,T,0.1,0.2,0,"Western, Poultry, Keto-Friendly, High-Protein"
اطباق عربية 5,"Chicken, boiled",دجاج مسلوق,لحوم ودواجن,193.0,21.6,11.7,0.3,0,-,0.1,0.2,-,"International, Poultry, Gluten-Free, Keto-Friendly, Healthy, High-Protein"
اطباق عربية 5,"Chicken, fried",دجاج مقلي,لحوم ودواجن,316.0,22.4,22.2,6.6,0,-,0.2,1.2,-,"International, Poultry, Keto-Friendly, High-Protein"
اطباق عربية 5,"Chicken, grilled",دجاج مشوي,لحوم ودواجن,213.0,21.2,13.8,0.9,0,-,0.1,0.2,-,"International, Poultry, Gluten-Free, Keto-Friendly, Healthy, High-Protein"
اطباق عربية 5,"Chicken, meat (dark)",لحم أوراك,لحوم ودواجن,121.0,19,5,0.0,0,T,0.1,0.2,0,"International, Poultry, Gluten-Free, Keto-Friendly, Healthy, High-Protein"
اطباق عربية 5,"Chicken, meat (light)",لحم صدور,لحوم ودواجن,109.0,20.5,3,0.0,0,T,0.1,0.2,0,"International, Poultry, Gluten-Free, Keto-Friendly, Healthy, High-Protein"
اطباق عربية 5,"Chicken, meat and skin",لحم دجاج,لحوم ودواجن,214.0,17.4,16,0.0,0,22,0.2,0.3,0,"International, Poultry, Gluten-Free, Keto-Friendly, Healthy, High-Protein"
اطباق عربية 5,"Duck, meat and skin",لحم بط,لحوم ودواجن,315.0,15.4,28.2,0.0,0,-,0.2,0.7,0,"International, Meat, Gluten-Free, Keto-Friendly, High-Protein"
اطباق عربية 5,"Goat, meat",لحم ماعز,لحوم ودواجن,165.0,18.4,10.2,0.0,0,-,0.1,0.2,0,"International, Meat, Healthy, High-Protein"
اطباق عربية 5,"Goose, meat and skin",لحم أوز,لحوم ودواجن,346.0,16,31.3,0.0,0,21,0.2,0.7,0,"International, Meat, Gluten-Free, Keto-Friendly, High-Protein"
اطباق عربية 5,"Lamb, kidneys",كلاوي ضاني,لحوم ودواجن,109.0,16,5,0.0,0,100,0.1,0.1,8,"International, Meat, Gluten-Free, Keto-Friendly, Healthy, High-Protein"
اطباق عربية 5,"Lamb, liver",كبد ضاني,لحوم ودواجن,126.0,19.9,2.8,5.2,0,12000,1.2,0.4,10,"International, Meat, Gluten-Free, Keto-Friendly, Healthy, High-Protein"
اطباق عربية 5,"Beef, meat corned (canned)",بلوبيف معلب,لحوم ودواجن,213.0,24.8,11.8,1.9,0,T,0.1,0.2,0,"International, Meat, Gluten-Free, Healthy, High-Protein"
اطباق عربية 5,"Beef, sausage",سجق بقري,لحوم ودواجن,312.0,15,24,9.0,0,T,0.2,0.3,0,"International, Meat, High-Protein"
اطباق عربية 5,"Beef, sausage grilled",سجق بقري مشوي,لحوم ودواجن,291.0,17,18.5,14.0,0,-,0.2,0.3,-,"International, Meat, High-Protein"
اطباق عربية 5,"Beef, spleen",طحال بقري,لحوم ودواجن,97.0,18,2.1,1.5,0,-,0.1,0.1,-,"International, Meat, Gluten-Free, Keto-Friendly, Healthy, High-Protein, Low-Calorie"
اطباق عربية 5,"Beef, tongue",لسان بقري,لحوم ودواجن,201.0,16.8,14.6,0.6,0,T,0.1,0.2,0,"International, Meat, Gluten-Free, Keto-Friendly, Healthy, High-Protein"
اطباق عربية 5,"Beef, tongue boiled",لسان بقري مسلوق,لحوم ودواجن,298.0,23.4,22.1,1.3,0,-,0.1,0.2,-,"International, Meat, Gluten-Free, Keto-Friendly, High-Protein"
اطباق عربية 5,"Buffalo, meat",لحم جاموس,لحوم ودواجن,210.0,18.8,15,0.0,0,-,0.1,0.2,0,"International, Meat, Gluten-Free, Keto-Friendly, Healthy, High-Protein"
اطباق عربية 5,"Camel, liver",كبد جمل,لحوم ودواجن,143.0,20.7,4.4,5.2,0,-,1.2,0.4,-,"International, Meat, Gluten-Free, Keto-Friendly, Healthy, High-Protein"
اطباق عربية 5,"Camel, meat",لحم جمل,لحوم ودواجن,108.0,19,3.6,0.0,0,8,0.1,0.2,0,"International, Meat, Gluten-Free, Keto-Friendly, Healthy, High-Protein"
اطباق عربية 5,"Chicken, frankfurter",فرانكفورتر دجاج,لحوم ودواجن,221.0,18.1,15,3.3,1.1,-,0.1,0.2,-,"International, Poultry, Keto-Friendly, Healthy, High-Protein"
اطباق عربية 5,"Chicken, gizzard",قوانص دجاج,لحوم ودواجن,106.0,20.5,2.3,0.7,0,-,0.1,0.1,-,"International, Poultry, Gluten-Free, Keto-Friendly, Healthy, High-Protein"
اطباق عربية 5,"Chicken, liver",كبد دجاج,لحوم ودواجن,122.0,17.6,4.6,2.5,0,7500,1.2,0.4,20,"International, Poultry, Gluten-Free, Keto-Friendly, Healthy, High-Protein"
اطباق عربية 5,"Beef, kidneys",كلاوي بقري,لحوم ودواجن,121.0,16.5,5.8,0.8,0,266,0.1,0.1,10,"International, Meat, Gluten-Free, Keto-Friendly, Healthy, High-Protein"
اطباق عربية 5,"Beef, kunckles",كوارع بقري,لحوم ودواجن,137.0,23,5,0.0,0,-,0.1,0.1,-,"International, Meat, Gluten-Free, Keto-Friendly, Healthy, High-Protein"
اطباق عربية 5,"Beef, liver",كبد بقري,لحوم ودواجن,132.0,19.5,4,4.4,0,12121,1.2,0.4,25,"International, Meat, Gluten-Free, Keto-Friendly, Healthy, High-Protein"
اطباق عربية 5,"Beef, luncheon",لانشون بقري,لحوم ودواجن,155.0,16.3,7.5,5.6,1.2,T,0.1,0.2,0,"Western, Meat, Keto-Friendly, High-Protein"
اطباق عربية 5,"Beef, lung",فشة بقري,لحوم ودواجن,88.0,17.1,2.2,0.0,0,46,0.1,0.1,0,"International, Meat, Gluten-Free, Keto-Friendly, Healthy, High-Protein, Low-Calorie"
اطباق عربية 5,"Beef, meat",لحم بقري,لحوم ودواجن,186.0,19.6,11.9,0.0,0,5,0.1,0.2,0,"International, Meat, Gluten-Free, Keto-Friendly, Healthy, High-Protein"
اطباق عربية 5,"Beef, meat ground",لحم بقري مفروم,لحوم ودواجن,216.0,18,16,0.0,0,T,0.1,0.2,0,"International, Meat, Gluten-Free, Keto-Friendly, Healthy, High-Protein"
اطباق عربية 5,"Beef, meat (Kofta, fried)",كفتة بقري مقلية,لحوم ودواجن,245.0,17.5,18.1,2.9,0.2,-,0.2,0.4,-,"Arabic, Levantine, Meat, Keto-Friendly, High-Protein"
اطباق عربية 5,"Beef, meat (Kofta, grilled)",كفتة بقري مشوية,لحوم ودواجن,271.0,21.2,18.2,5.5,0,-,0.2,0.4,-,"Arabic, Levantine, Meat, Keto-Friendly, High-Protein"
اطباق عربية 5,"Beef, meat (Kofta/rice)",كفتة بقري بالأرز,لحوم ودواجن,149.0,10.6,7,11.0,0.6,-,0.1,0.2,-,"Arabic, Levantine, Meat, Healthy, High-Protein"
اطباق عربية 5,"Beef, meat (Kubeba, fried)",كبيبة مقلية,لحوم ودواجن,237.0,11.5,8.8,28.0,0.7,-,0.1,0.2,-,"International, Meat, High-Protein"
اطباق عربية 5,Beef meat (brown sauce),لحم بقري محمر (بصوص بني),لحوم ودواجن,159.0,14,11,0.9,0.3,-,0.1,0.2,-,"International, Meat, Gluten-Free, Keto-Friendly, Healthy, High-Protein"
اطباق عربية 5,Topping (Chocolate),صلصة شيكولاتة,شوكولاتة,400.0,1.9,20.7,51.5,0,-,0.0,0.5,-,"International, Sweet, Dessert, Dairy, Vegetarian, Gluten-Free"
اطباق عربية 5,"Beef, Basterma",بسطرمة,لحوم ودواجن,201.0,28.6,5.8,8.5,1.6,13,0.1,0.2,0,"International, Meat, Healthy, High-Protein"
اطباق عربية 5,"Beef, Basterma meat",لحم البسطرمة,لحوم ودواجن,156.0,29.9,4,0.0,0,T,0.1,0.2,0,"International, Meat, Gluten-Free, Keto-Friendly, Healthy, High-Protein"
اطباق عربية 5,"Beef, brain",مخ بقري,لحوم ودواجن,121.0,10.4,8.5,0.6,0,83,0.1,0.1,12,"International, Meat, Gluten-Free, Keto-Friendly, Healthy, High-Protein"
اطباق عربية 5,"Beef, brain (fried)",مخ بقري مقلي,لحوم ودواجن,251.0,13.7,13.9,17.7,0,-,0.2,0.5,-,"International, Meat"
اطباق عربية 5,"Beef, burger",برجر بقري,لحوم ودواجن,256.0,18,20,1.0,0,T,0.1,0.2,0,"Western, Meat, Keto-Friendly, High-Protein"
اطباق عربية 5,"Beef, burger (grilled)",برجر بقري مشوي,لحوم ودواجن,263.0,21.1,19,2.0,0,T,0.1,0.2,0,"Western, Meat, Keto-Friendly, High-Protein"
اطباق عربية 5,"Beef, frankfurter",فرانكفورتر بقري,لحوم ودواجن,224.0,15.2,16.1,4.6,1,T,0.1,0.2,0,"International, Meat, Keto-Friendly, Healthy, High-Protein"
اطباق عربية 5,"Beef, head",رأس بقري,لحوم ودواجن,212.0,20.2,14.5,0.1,0,-,0.1,0.2,-,"International, Meat, Gluten-Free, Keto-Friendly, Healthy, High-Protein"
اطباق عربية 5,"Beef, head meat (boiled)",لحم رأس بقري مسلوق,لحوم ودواجن,239.0,25.1,15.2,0.4,0,-,0.1,0.2,-,"International, Meat, Gluten-Free, Keto-Friendly, Healthy, High-Protein"
اطباق عربية 5,"Beef, heart",قلب بقري,لحوم ودواجن,112.0,16.5,4.3,1.7,0,5,0.1,0.1,5,"International, Meat, Gluten-Free, Keto-Friendly, Healthy, High-Protein"
اطباق عربية 5,"Oriental Basbusa, nuts",بسبوسة بالمكسرات,حلويات شرقية,375.0,5.4,8,70.3,0.8,-,0.0,1.5,-,"Arabic, Sweet, Dessert, Dairy, Vegetarian"
اطباق عربية 5,Oriental Eish saraya (cream),عيش سرايا بالقشطة,حلويات شرقية,426.0,2.5,12.5,75.9,0.5,-,0.0,0.8,-,"Arabic, Sweet, Dessert, Dairy, Vegetarian"
اطباق عربية 5,Oriental Gohraiba,غريبة,حلويات شرقية,533.0,5.5,31,58.0,0.7,-,0.0,2.0,-,"Arabic, Sweet, Dessert, Dairy, Vegetarian"
اطباق عربية 5,Oriental Kaak Eid,كحك العيد,حلويات شرقية,518.0,7,27.6,60.5,0.5,-,0.0,1.8,-,"Arabic, Sweet, Dessert, Dairy, Vegetarian"
اطباق عربية 5,Oriental Kataif,قطايف,حلويات شرقية,348.0,5,12.8,53.1,0.6,-,0.0,0.5,-,"Arabic, Sweet, Dessert, Dairy, Vegetarian"
اطباق عربية 5,"Oriental Kunafa, cream",كنافة بالكريمة,حلويات شرقية,361.0,3,14.5,54.5,0.5,-,0.0,0.8,-,"Arabic, Sweet, Dessert, Dairy, Vegetarian"
اطباق عربية 5,"Oriental Kunafa, nuts",كنافة بالمكسرات,حلويات شرقية,487.0,5.8,23.7,62.5,0.8,-,0.0,1.5,-,"Arabic, Sweet, Dessert, Dairy, Vegetarian"
اطباق عربية 5,Oriental Lukmet El-Kady,لقمة القاضي,حلويات شرقية,396.0,3.9,9.5,73.7,0.5,-,0.0,0.5,-,"Arabic, Sweet, Dessert, Dairy, Vegetarian"
اطباق عربية 5,Oriental Maamoul,معمول,حلويات شرقية,500.0,6,24.3,64.3,1,-,0.0,1.2,-,"Arabic, Levantine, Sweet, Dessert, Dairy, Vegetarian"
اطباق عربية 5,"Sugar, sucrose",سكر قصب,سكريات ومحليات,398.0,0,0,99.5,0,-,0.0,0.0,-,"International, Sweet, Dessert, Dairy, Vegetarian, Gluten-Free"
اطباق عربية 5,"Sugar, fructose",سكر فركتوز,سكريات ومحليات,396.0,-,-,98.9,0.1,-,0.0,0.0,-,"International, Sweet, Dessert, Dairy, Vegetarian, Gluten-Free"
اطباق عربية 5,Sweeteners,محليات صناعية,سكريات ومحليات,399.0,0,0.9,97.6,0,-,0.0,0.0,-,"International, Sweet, Dessert, Dairy, Vegetarian, Gluten-Free"
اطباق عربية 5,"Chocolate, nuts",شيكولاتة بالمكسرات,شوكولاتة,530.0,9.3,30,55.6,1.1,T,0.0,2.5,0,"International, Sweet, Dessert, Dairy, Vegetarian, Gluten-Free"
اطباق عربية 5,Corn syrup,عسل جلوكوز,سكريات ومحليات,317.0,T,T,79.3,-,-,0.0,0.0,-,"International, Sweet, Dessert, Dairy, Vegetarian, Gluten-Free"
اطباق عربية 5,Halawa Tehinia,حلاوة طحينية,سكريات ومحليات,520.0,11.2,27.5,57.0,1.2,T,0.0,3.0,0,"International, Sweet, Dessert, Vegetarian, Vegan, Gluten-Free"
اطباق عربية 5,Halawa Tehinia with nuts,حلاوة طحينية بالمكسرات,سكريات ومحليات,519.0,12.1,28,54.6,2,T,0.0,3.5,0,"International, Sweet, Dessert, Vegetarian, Vegan, Gluten-Free"
اطباق عربية 5,Honey,عسل نحل,سكريات ومحليات,329.0,0.3,-,82.0,-,T,0.0,0.0,3,"International, Sweet, Dessert, Dairy, Vegetarian, Gluten-Free"
اطباق عربية 5,Jams,مربى,سكريات ومحليات,283.0,0.7,0.1,69.7,0.3,T,0.0,0.0,9,"International, Sweet, Dessert, Dairy, Vegetarian, Gluten-Free"
اطباق عربية 5,Jelly powder,بودرة جيلي,سكريات ومحليات,390.0,10,T,87.4,-,-,0.0,0.0,-,"International, Sweet, Dessert, Dairy, Vegetarian, Gluten-Free"
اطباق عربية 5,Molasses,عسل أسود,سكريات ومحليات,280.0,0,0,70.0,0,0,0.0,0.0,0,"International, Sweet, Dessert, Dairy, Vegetarian, Gluten-Free"
اطباق عربية 5,Oriental Baklava,بقلاوة,حلويات شرقية,450.0,4.8,23,56.0,0.5,-,0.0,1.5,-,"Arabic, Sweet, Dessert, Dairy, Vegetarian"
اطباق عربية 5,Oriental Baklava (assorted),بقلاوة بالمكسرات,حلويات شرقية,531.0,6.3,34.3,49.3,0.9,-,0.0,2.0,-,"Arabic, Sweet, Dessert, Dairy, Vegetarian"
اطباق عربية 5,Oriental Balah El-sham,بلح الشام,حلويات شرقية,420.0,5.3,12.7,71.2,0.4,-,0.0,0.8,-,"Arabic, Sweet, Dessert, Meat, Dairy"
اطباق عربية 5,Oriental Basbusa,بسبوسة,حلويات شرقية,355.0,4.9,6,70.3,0.7,-,0.0,0.5,-,"Arabic, Sweet, Dessert, Dairy, Vegetarian"
اطباق عربية 5,"Candy, fruit flavor (hard)",بونبون,حلوى,392.0,0,0,98.0,0,0,0.0,0.0,0,"International, Sweet, Dessert, Dairy, Vegetarian, Gluten-Free"
اطباق عربية 5,"Candy, Folia",حلاوة فولية,حلوى,444.0,7.8,12,76.1,0.9,20,0.0,1.5,0,"International, Sweet, Dessert, Vegetarian, Vegan, Gluten-Free"
اطباق عربية 5,"Candy, Homosia",حلاوة حمصية,حلوى,387.0,6.5,1.7,86.5,0.9,9,0.0,0.5,0,"International, Sweet, Dessert, Vegetarian, Vegan, Gluten-Free"
اطباق عربية 5,"Candy, jelly beans",جيلي كولا,حلوى,353.0,2.6,0.3,84.9,0,0,0.0,0.0,0,"International, Sweet, Dessert, Dairy, Vegetarian, Gluten-Free"
اطباق عربية 5,"Candy, Koozassal",كوز عسل,حلوى,387.0,2.4,0.5,93.3,0,0,0.0,0.0,0,"International, Sweet, Dessert, Dairy, Vegetarian, Gluten-Free"
اطباق عربية 5,"Candy, Malban",ملبن,حلوى,382.0,0.8,0.5,93.5,0,0,0.0,0.0,0,"International, Sweet, Dessert, Dairy, Vegetarian, Gluten-Free"
اطباق عربية 5,"Candy, Nogha with nuts",نوجا,حلوى,397.0,7.7,3.3,84.2,0,T,0.0,1.0,0,"International, Sweet, Dessert, Dairy, Vegetarian, Gluten-Free"
اطباق عربية 5,"Candy, Semsemia",حلاوة سمسمية,حلوى,443.0,6,12,77.7,1.3,5,0.0,2.0,0,"International, Sweet, Dessert, Vegetarian, Vegan, Gluten-Free"
اطباق عربية 5,"Candy, Toffee",توفي,حلوى,392.0,4,4,85.0,0,T,0.0,0.2,0,"International, Sweet, Dessert, Dairy, Vegetarian, Gluten-Free"
اطباق عربية 5,Chewing gum,لبان,حلوى,320.0,-,-,80.0,-,-,0.0,0.0,-,"International, Sweet, Dessert, Dairy, Vegetarian, Gluten-Free"
اطباق عربية 5,"Chocolate, milk",شيكولاتة,شوكولاتة,513.0,8,27,59.5,1,T,0.0,1.5,0,"International, Sweet, Dessert, Dairy, Vegetarian, Gluten-Free"
اطباق عربية 5,"Chocolate, coconuts",شيكولاتة بجوز الهند,شوكولاتة,469.0,4,20,68.2,1.3,T,0.0,1.0,0,"International, Sweet, Dessert, Dairy, Vegetarian, Gluten-Free"
اطباق عربية 5,Pineapple,أناناس,فواكه,55.0,0.5,0.2,12.7,0.5,8,0.0,0.02,15,"International, Vegetarian, Vegan, Gluten-Free, Healthy, Low-Calorie"
اطباق عربية 5,Plums,برقوق,فواكه,50.0,0.7,0.2,11.3,0.6,71,0.0,0.26,5,"International, Vegetarian, Vegan, Gluten-Free, Healthy, Low-Calorie"
اطباق عربية 5,Pomegranate,رمان,فواكه,68.0,0.7,0.4,15.5,2.1,2,0.0,0.6,16,"International, Vegetarian, Vegan, Gluten-Free, Healthy, Low-Calorie"
اطباق عربية 5,Prickly pears,تين شوكي,فواكه,31.0,1,0.9,4.8,6.5,13,0.0,0.0,18,"International, Vegetarian, Vegan, Gluten-Free, Healthy, High-Fiber, Low-Calorie"
اطباق عربية 5,"Prunes, dried",قراصيا,فواكه,299.0,2.3,0.5,71.2,2.5,145,0.0,0.43,2,"International, Vegetarian, Vegan, Gluten-Free, Healthy"
اطباق عربية 5,Raisins,زبيب,فواكه,320.0,2.4,0.3,76.9,1.6,T,0.0,0.12,0,"International, Vegetarian, Vegan, Gluten-Free"
اطباق عربية 5,Raspberries,توت,فواكه,60.0,1.3,0.5,12.5,1.5,-,0.0,0.87,22,"International, Vegetarian, Vegan, Gluten-Free, Healthy, Low-Calorie"
اطباق عربية 5,Strawberries,فراولة,فواكه,34.0,0.8,0.4,6.7,1.2,6,0.0,0.29,40,"International, Vegetarian, Vegan, Gluten-Free, Healthy, Low-Calorie"
اطباق عربية 5,Sycamore,جميز,فواكه,66.0,0.9,0.3,15.0,0.5,-,0.0,0.0,13,"International, Vegetarian, Vegan, Gluten-Free, Healthy, Low-Calorie"
اطباق عربية 5,Watermelons,بطيخ,فواكه,26.0,0.4,0.1,5.9,0.4,6,0.0,0.05,5,"International, Vegetarian, Vegan, Gluten-Free, Healthy, Low-Calorie"
اطباق عربية 5,"Candy, Assalia",عسلية,حلوى,387.0,1.6,0.7,93.6,0,0,0.0,0.0,0,"International, Sweet, Dessert, Dairy, Vegetarian, Gluten-Free"
اطباق عربية 5,Lemons sweet,ليمون حلو,فواكه,37.0,0.6,0.5,7.6,0.4,4,0.0,0.15,36,"International, Sweet, Dessert, Dairy, Vegetarian, Gluten-Free, Low-Calorie"
اطباق عربية 5,Lime,ليمون بلدي,فواكه,33.0,0.6,0.3,6.9,0.7,T,0.0,0.22,50,"International, Vegetarian, Vegan, Gluten-Free, Healthy, Low-Calorie"
اطباق عربية 5,Loquate,بشملة,فواكه,51.0,0.3,0.6,11.0,0.7,250,0.0,0.0,5,"International, Vegetarian, Vegan, Gluten-Free, Healthy, Low-Calorie"
اطباق عربية 5,Mandarin,يوسفي,فواكه,48.0,0.7,0.2,10.8,0.9,13,0.0,0.2,26,"International, Vegetarian, Vegan, Gluten-Free, Healthy, Low-Calorie"
اطباق عربية 5,Mangos,مانجو,فواكه,68.0,0.8,0.3,15.5,1.1,250,0.0,0.9,30,"International, Vegetarian, Vegan, Gluten-Free, Healthy, Low-Calorie"
اطباق عربية 5,Melons,شمام,فواكه,30.0,0.8,0.2,6.3,0.6,18,0.0,0.05,22,"International, Vegetarian, Vegan, Gluten-Free, Healthy, Low-Calorie"
اطباق عربية 5,Mulberry,توت,فواكه,76.0,1.6,0.5,16.3,1.2,3,0.0,0.0,10,"International, Vegetarian, Vegan, Gluten-Free, Healthy, Low-Calorie"
اطباق عربية 5,Oranges,برتقال,فواكه,56.0,1.1,0.3,12.1,0.6,8,0.0,0.18,55,"International, Vegetarian, Vegan, Gluten-Free, Healthy, Low-Calorie"
اطباق عربية 5,Papaya,باباظ,فواكه,44.0,0.6,0.2,10.0,0.6,124,0.0,0.3,59,"International, Vegetarian, Vegan, Gluten-Free, Healthy, Low-Calorie"
اطباق عربية 5,Peaches,خوخ,فواكه,51.0,0.7,0.2,11.7,0.7,43,0.0,0.73,12,"International, Vegetarian, Vegan, Gluten-Free, Healthy, Low-Calorie"
اطباق عربية 5,Pears,كمثرى,فواكه,58.0,0.3,0.2,13.7,1.3,2,0.0,0.12,2,"International, Vegetarian, Vegan, Gluten-Free, Healthy, Low-Calorie"
اطباق عربية 5,Persimmon,كاكا,فواكه,85.0,0.9,0.5,19.3,1,157,0.0,0.73,12,"International, Vegetarian, Vegan, Gluten-Free, Healthy, Low-Calorie"
اطباق عربية 5,Custard-apple,قشطة,فواكه,85.0,2.9,0.5,17.3,1.4,-,0.0,0.0,27,"International, Dairy, Vegetarian, Gluten-Free, Healthy, Low-Calorie"
اطباق عربية 5,Dates,بلح,فواكه,115.0,0.9,0.2,27.3,0.9,4,0.0,0.05,11,"International, Vegetarian, Vegan, Gluten-Free, Healthy"
اطباق عربية 5,"Dates, dried (Agwa)",عجوة,فواكه,315.0,2.3,0.5,75.3,2.2,10,0.0,0.0,0,"International, Vegetarian, Vegan, Gluten-Free"
اطباق عربية 5,Figs,تين,فواكه,72.0,1.3,0.4,15.8,1.5,27,0.0,0.11,4,"International, Vegetarian, Vegan, Gluten-Free, Healthy, Low-Calorie"
اطباق عربية 5,"Figs, dried",تين جاف,فواكه,293.0,4.1,1.1,66.6,5.7,-,0.0,0.35,0,"International, Vegetarian, Vegan, Gluten-Free, Healthy, High-Fiber"
اطباق عربية 5,Grapefruits,جريب فروت,فواكه,43.0,0.6,0.1,9.8,0.4,2,0.0,0.13,35,"International, Vegetarian, Vegan, Gluten-Free, Healthy, Low-Calorie"
اطباق عربية 5,"Grapes, seedless",عنب بناتي,فواكه,77.0,0.6,0.6,17.2,0.7,3,0.0,0.19,5,"International, Vegetarian, Vegan, Gluten-Free, Healthy, Low-Calorie"
اطباق عربية 5,Guavas,جوافة,فواكه,62.0,0.8,0.5,13.5,3.4,20,0.0,0.73,227,"International, Vegetarian, Vegan, Gluten-Free, Healthy, Low-Calorie"
اطباق عربية 5,Husk tomatoes,حرنكش,فواكه,75.0,2.7,0.3,15.3,1,7,0.0,0.0,13,"International, Vegetarian, Vegan, Gluten-Free, Healthy, Low-Calorie"
اطباق عربية 5,Jujuba,نبق,فواكه,89.0,1.4,0.2,20.3,1.4,-,0.0,0.0,65,"International, Vegetarian, Vegan, Gluten-Free, Healthy, Low-Calorie"
اطباق عربية 5,Kiwifruit,كيوي,فواكه,54.0,1.9,0.6,10.2,1.6,-,0.0,1.46,95,"International, Vegetarian, Vegan, Gluten-Free, Healthy, Low-Calorie"
اطباق عربية 5,Lemons,ليمون,فواكه,32.0,0.8,0.2,6.7,0.6,4,0.0,0.15,75,"International, Vegetarian, Vegan, Gluten-Free, Healthy, Low-Calorie"
اطباق عربية 6,Pepper black,فلفل اسود,بهارات وتوابل,343.0,14.7,4.6,60.6,5.1,-,0.0,0.0,-,"International, Vegetarian, Vegan, Gluten-Free, High-Fiber"
اطباق عربية 6,Pepper red,فلفل احمر شطة,بهارات وتوابل,291.0,15.6,7.7,39.8,18.1,-,0.0,29.8,-,"International, Vegetarian, Vegan, Gluten-Free, Healthy, High-Protein, High-Fiber"
اطباق عربية 6,Thyme,زعتر,بهارات وتوابل,287.0,12.2,2.9,53.1,11.8,-,0.0,7.5,-,"International, Vegetarian, Vegan, Gluten-Free, Healthy, High-Fiber"
اطباق عربية 6,Backing powder,بيكنج بودر,بهارات وتوابل,144.0,0.9,0.0,35.0,0.0,-,0.0,0.0,-,"International, Vegetarian, Vegan, Gluten-Free, Healthy"
اطباق عربية 6,Chicken stock,مكعب مرقة دجاج,بهارات وتوابل,305.0,7.5,25.0,12.5,0.0,-,0.0,0.0,0,"International, Poultry, Gluten-Free"
اطباق عربية 6,Coca powder,بودرة كاكاو,عصائر ومشروبات,438.0,17.0,18.9,50.0,4.6,-,0.0,0.1,0,"International, Vegetarian, Vegan, Gluten-Free, High-Protein"
اطباق عربية 6,Dom powder,مسحوق دوم,عصائر ومشروبات,312.0,3.6,1.4,71.3,12.5,-,0.0,0.0,-,"International, Vegetarian, Vegan, Gluten-Free, High-Fiber"
اطباق عربية 6,Gelatin,جيلاتين,أخرى,345.0,86.0,0.1,0.0,0.0,-,0.0,0.0,-,"International, Vegetarian, Vegan, Gluten-Free, Keto-Friendly, High-Protein"
اطباق عربية 6,Kishk,كشك,ألبان ومنتجاتها,380.0,21.6,7.2,57.2,4.5,-,0.0,0.0,-,"International, Dairy, Vegetarian, Gluten-Free, High-Protein"
اطباق عربية 6,Mayonnaise,مايونيز,زيوت ودهون,722.0,1.3,77.4,5.1,0.0,80,0.0,3.3,0,"Western, Vegetarian, Vegan, Gluten-Free, Keto-Friendly"
اطباق عربية 6,Oil (vegetable),زيت طعام,زيوت ودهون,899.0,0.0,99.9,0.0,0.0,-,0.0,14.0,-,"International, Vegetarian, Vegan, Gluten-Free, Keto-Friendly"
اطباق عربية 6,Nectar apricot,نكتار مشمش,عصائر ومشروبات,59.0,0.5,0.1,14.0,0.2,257,0.0,0.4,5,"International, Vegetarian, Vegan, Gluten-Free, Low-Calorie"
اطباق عربية 6,Nectar fruit cocktail,نكتار كوكتيل,عصائر ومشروبات,61.0,0.1,0.1,15.0,0.0,94,0.0,0.1,12,"International, Vegetarian, Vegan, Gluten-Free, Low-Calorie"
اطباق عربية 6,Nectar guava,نكتار جوافة,عصائر ومشروبات,60.0,0.1,0.0,14.9,0.1,-,0.0,0.5,60,"International, Vegetarian, Vegan, Gluten-Free, Low-Calorie"
اطباق عربية 6,Nectar mango,نكتار مانجو,عصائر ومشروبات,62.0,0.2,0.1,15.1,0.1,89,0.0,0.5,15,"International, Vegetarian, Vegan, Gluten-Free, Low-Calorie"
اطباق عربية 6,Cardamom,حبهان,بهارات وتوابل,288.0,12.0,4.3,50.4,14.3,-,0.0,0.0,-,"International, Vegetarian, Vegan, Gluten-Free, Healthy, High-Fiber"
اطباق عربية 6,Cinnamon,قرفة,بهارات وتوابل,263.0,4.0,2.0,57.3,24.1,-,0.0,0.0,-,"International, Vegetarian, Vegan, Gluten-Free, Healthy, High-Fiber"
اطباق عربية 6,Clove,قرنفل,بهارات وتوابل,348.0,6.5,8.3,61.7,8.5,-,0.0,8.8,-,"International, Vegetarian, Vegan, Gluten-Free, High-Fiber"
اطباق عربية 6,Coriander,كسبرة,بهارات وتوابل,284.0,13.6,15.7,22.0,33.5,-,0.0,0.0,-,"International, Vegetarian, Vegan, Gluten-Free, Healthy, High-Fiber"
اطباق عربية 6,Cumin,كمون,بهارات وتوابل,327.0,18.0,13.3,33.8,7.0,-,0.0,3.3,-,"International, Vegetarian, Vegan, Gluten-Free, High-Protein, High-Fiber"
اطباق عربية 6,Ginger,زنجبيل,بهارات وتوابل,338.0,9.0,3.4,67.9,3.0,-,0.0,0.3,-,"International, Vegetarian, Vegan, Gluten-Free"
اطباق عربية 6,Nutmeg,جوزة الطيب,بهارات وتوابل,511.0,7.5,34.7,42.2,3.0,-,0.0,0.0,-,"International, Vegetarian, Vegan, Gluten-Free"
اطباق عربية 6,Drink fruit instant powder,مشروب فاكهة,عصائر ومشروبات,392.0,1.1,0.0,96.9,0.0,0,0.0,0.0,100,"International, Vegetarian, Vegan, Gluten-Free"
اطباق عربية 6,Drink tea instant powder,مشروب شاي,عصائر ومشروبات,396.0,1.0,0.0,97.9,0.0,0,0.0,0.0,0,"International, Vegetarian, Vegan, Gluten-Free"
اطباق عربية 6,Juice apples,عصير تفاح,عصائر ومشروبات,48.0,0.1,0.0,12.0,0.0,16,0.0,0.1,4,"International, Vegetarian, Vegan, Gluten-Free, Low-Calorie"
اطباق عربية 6,Juice apples sweetened,عصير تفاح محلى,عصائر ومشروبات,56.0,0.0,0.0,14.0,0.0,-,0.0,0.1,2,"International, Sweet, Dessert, Dairy, Vegetarian, Gluten-Free, Low-Calorie"
اطباق عربية 6,Juice grapes sweetened,عصير عنب محلى,عصائر ومشروبات,66.0,0.3,0.0,16.2,0.0,5,0.0,0.0,3,"International, Sweet, Dessert, Dairy, Vegetarian, Gluten-Free, Low-Calorie"
اطباق عربية 6,Juice grapefruit,عصير جريب فروت,عصائر ومشروبات,39.0,0.5,0.0,9.2,0.1,-,0.0,0.1,30,"International, Vegetarian, Vegan, Gluten-Free, Low-Calorie"
اطباق عربية 6,Juice orange,عصير برتقال,عصائر ومشروبات,46.0,0.6,0.2,10.4,0.1,3,0.0,0.1,35,"International, Vegetarian, Vegan, Gluten-Free, Low-Calorie"
اطباق عربية 6,Juice orange sweetened,عصير برتقال محلى,عصائر ومشروبات,56.0,0.1,0.0,14.0,0.0,0,0.0,0.1,20,"International, Sweet, Dessert, Dairy, Vegetarian, Gluten-Free, Low-Calorie"
اطباق عربية 6,Juice peach,عصير خوخ,عصائر ومشروبات,47.0,0.5,0.2,10.9,0.5,18,0.0,0.4,5,"International, Vegetarian, Vegan, Gluten-Free, Low-Calorie"
اطباق عربية 6,Juice pomegranate,عصير رمان,عصائر ومشروبات,62.0,1.0,0.0,14.4,0.0,-,0.0,0.4,8,"International, Vegetarian, Vegan, Gluten-Free, Low-Calorie"
اطباق عربية 6,Juice sugarcane,عصير قصب,عصائر ومشروبات,45.0,0.0,0.0,11.3,0.0,0,0.0,0.0,2,"International, Sweet, Dessert, Dairy, Vegetarian, Gluten-Free, Low-Calorie"
اطباق عربية 6,Juice tomato,عصير طماطم,عصائر ومشروبات,24.0,0.2,0.0,5.8,0.1,42,0.0,0.3,30,"International, Vegetarian, Vegan, Gluten-Free, Low-Calorie"
اطباق عربية 6,Milk powder whole,لبن جاف كامل,ألبان ومنتجاتها,497.0,26.7,26.2,38.7,0.0,353,8.2,0.2,10,"International, Dairy, Vegetarian, Gluten-Free, High-Protein"
اطباق عربية 6,Yoghurt,زبادي,ألبان ومنتجاتها,64.0,3.4,3.2,5.5,0.0,30,0.1,0.1,0,"International, Dairy, Vegetarian, Gluten-Free, Keto-Friendly, Healthy, Low-Calorie"
اطباق عربية 6,Yoghurt low fat,زبادي منخفض الدسم,ألبان ومنتجاتها,50.0,4.0,0.9,6.4,0.0,0,0.1,0.0,0,"International, Dairy, Vegetarian, Gluten-Free, Keto-Friendly, Healthy, Low-Calorie"
اطباق عربية 6,Yoghurt fruits,زبادي بالفواكه,ألبان ومنتجاتها,68.0,3.0,1.2,11.2,0.9,9,0.1,0.1,3,"International, Dairy, Vegetarian, Gluten-Free, Healthy, Low-Calorie"
اطباق عربية 6,Beer nonalcoholic,بيرة خالية الكحول,عصائر ومشروبات,16.0,0.2,0.0,3.8,0.0,0,0.0,0.0,0,"International, Vegetarian, Vegan, Gluten-Free, Low-Calorie"
اطباق عربية 6,Carbonated barley drinks,مشروب الشعير (فيروز),عصائر ومشروبات,42.0,0.0,0.0,10.5,0.0,0,0.0,0.0,0,"International, Vegetarian, Vegan, Healthy, Low-Calorie"
اطباق عربية 6,Carbonated soft drinks,مشروبات غازية,عصائر ومشروبات,42.0,0.0,0.0,10.6,0.0,0,0.0,0.0,0,"International, Vegetarian, Vegan, Gluten-Free, Low-Calorie"
اطباق عربية 6,Carbonated soft drinks diet,مشروبات غازية دايت,عصائر ومشروبات,1.0,0.0,0.0,0.2,0.0,0,0.0,0.0,0,"International, Vegetarian, Vegan, Gluten-Free, Low-Calorie"
اطباق عربية 6,Carbonated tonic water,ماء تونيك,عصائر ومشروبات,40.0,0.0,0.0,10.0,0.0,0,0.0,0.0,0,"International, Vegetarian, Vegan, Gluten-Free, Low-Calorie"
اطباق عربية 6,Drink chocolate instant,كاكاو سريع الذوبان,عصائر ومشروبات,412.0,6.2,6.0,83.4,0.9,T,1.0,0.1,0,"International, Sweet, Dessert, Dairy, Vegetarian, Gluten-Free"
اطباق عربية 6,Drink coffee instant powder,قهوة سريعة الذوبان,عصائر ومشروبات,360.0,20.5,0.5,68.3,0.0,T,0.0,0.0,0,"International, Vegetarian, Vegan, Gluten-Free, High-Protein"
اطباق عربية 6,Cream whipping,كريمة لباني,ألبان ومنتجاتها,353.0,3.0,36.4,3.3,0.0,275,1.0,1.0,0,"International, Dairy, Vegetarian, Gluten-Free, Keto-Friendly"
اطباق عربية 6,Fermented milk,لبن رايب,ألبان ومنتجاتها,62.0,3.8,3.2,4.5,0.0,38,1.0,0.1,0,"International, Dairy, Vegetarian, Gluten-Free, Keto-Friendly, Healthy, Low-Calorie"
اطباق عربية 6,Fermented skim milk,لبن رايب منزوع الدسم,ألبان ومنتجاتها,46.0,4.9,0.8,4.9,0.0,0,0.0,0.0,0,"International, Dairy, Vegetarian, Gluten-Free, Keto-Friendly, Healthy, Low-Calorie"
اطباق عربية 6,Milk buffalo,لبن جاموسي,ألبان ومنتجاتها,102.0,4.2,7.1,5.4,0.0,22,1.0,0.1,3,"International, Dairy, Vegetarian, Gluten-Free, Keto-Friendly, Healthy"
اطباق عربية 6,Milk cow,لبن بقري,ألبان ومنتجاتها,64.0,3.3,3.7,4.4,0.0,35,1.3,0.1,0,"International, Dairy, Vegetarian, Gluten-Free, Keto-Friendly, Healthy, Low-Calorie"
اطباق عربية 6,Milk human,لبن الام,ألبان ومنتجاتها,70.0,1.2,3.9,7.5,0.0,97,1.0,0.2,5,"International, Dairy, Vegetarian, Gluten-Free, Keto-Friendly, Healthy, Low-Calorie"
اطباق عربية 6,Milk chocolate,لبن بالشيكولاتة,ألبان ومنتجاتها,80.0,3.2,1.7,12.9,0.0,24,1.0,0.1,0,"International, Sweet, Dessert, Dairy, Vegetarian, Gluten-Free, Low-Calorie"
اطباق عربية 6,Milk full cream,لبن كامل الدسم,ألبان ومنتجاتها,64.0,3.3,3.5,4.7,0.0,37,1.3,0.1,0,"International, Dairy, Vegetarian, Gluten-Free, Keto-Friendly, Low-Calorie"
اطباق عربية 6,Milk fruit,لبن بالفواكة,ألبان ومنتجاتها,76.0,3.2,1.7,12.0,0.0,22,1.0,0.1,2,"International, Dairy, Vegetarian, Gluten-Free, Healthy, Low-Calorie"
اطباق عربية 6,Milk half cream,لبن نصف دسم,ألبان ومنتجاتها,48.0,3.4,1.5,5.1,0.0,23,0.5,0.0,0,"International, Dairy, Vegetarian, Gluten-Free, Keto-Friendly, Low-Calorie"
اطباق عربية 6,Milk low fat skimmed,لبن خالي الدسم,ألبان ومنتجاتها,41.0,3.5,0.6,5.3,0.0,0,0.0,0.0,0,"International, Dairy, Vegetarian, Gluten-Free, Keto-Friendly, Healthy, Low-Calorie"
اطباق عربية 6,Milk powder skim,لبن جاف خالي الدسم,ألبان ومنتجاتها,362.0,37.0,1.5,50.0,0.0,0,0.0,0.0,5,"International, Dairy, Vegetarian, Gluten-Free, High-Protein"
اطباق عربية 6,Cheese cheddar,جبن شيدر,ألبان ومنتجاتها,406.0,26.0,32.9,1.5,0.0,305,0.6,0.2,0,"International, Dairy, Vegetarian, Gluten-Free, Keto-Friendly, High-Protein"
اطباق عربية 6,Cheese gouda,جبن جودة,ألبان ومنتجاتها,371.0,24.5,30.0,0.8,0.0,250,0.5,0.2,0,"International, Dairy, Vegetarian, Gluten-Free, Keto-Friendly, High-Protein"
اطباق عربية 6,Cheese kareesh,جبن قريش,ألبان ومنتجاتها,100.0,13.0,3.5,4.1,0.0,12,0.1,0.0,0,"International, Dairy, Vegetarian, Gluten-Free, Keto-Friendly, Healthy, High-Protein"
اطباق عربية 6,Cheese kareesh low fat,جبن قريش منخفض الدسم,ألبان ومنتجاتها,91.0,19.0,0.5,2.7,0.0,0,0.0,0.0,0,"International, Dairy, Vegetarian, Gluten-Free, Keto-Friendly, Healthy, High-Protein, Low-Calorie"
اطباق عربية 6,Cheese kareesh (Mish),جبن قريش مش,ألبان ومنتجاتها,93.0,14.0,3.0,2.4,0.0,0,0.1,0.0,0,"International, Dairy, Vegetarian, Gluten-Free, Keto-Friendly, Healthy, High-Protein, Low-Calorie"
اطباق عربية 6,Cheese mozzarella,جبن موتزاريلا,ألبان ومنتجاتها,265.0,27.0,16.5,2.2,0.0,-,0.4,0.1,-,"International, Dairy, Vegetarian, Gluten-Free, Keto-Friendly, High-Protein"
اطباق عربية 6,Cheese parmesan,جبن بارميزان,ألبان ومنتجاتها,399.0,35.0,27.5,2.9,0.0,356,0.5,0.2,0,"International, Dairy, Vegetarian, Gluten-Free, Keto-Friendly, High-Protein"
اطباق عربية 6,Cheese processed,جبن مثلثات,ألبان ومنتجاتها,324.0,19.0,25.0,5.7,0.0,205,0.4,0.2,0,"International, Dairy, Vegetarian, Gluten-Free, Keto-Friendly, High-Protein"
اطباق عربية 6,Cheese spread,جبن مطبوخ,ألبان ومنتجاتها,289.0,15.9,22.9,4.8,0.0,150,0.4,0.2,0,"International, Dairy, Vegetarian, Gluten-Free, Keto-Friendly, High-Protein"
اطباق عربية 6,Cheese white,جبن ابيض,ألبان ومنتجاتها,256.0,16.3,19.8,3.2,0.0,166,0.3,0.1,0,"International, Dairy, Vegetarian, Gluten-Free, Keto-Friendly, High-Protein"
اطباق عربية 6,Cheese white half cream,جبن ابيض نصف دسم,ألبان ومنتجاتها,151.0,13.0,8.9,4.6,0.0,95,0.1,0.1,0,"International, Dairy, Vegetarian, Gluten-Free, Keto-Friendly, High-Protein"
اطباق عربية 6,Cheese Roquefort,جبن ريكفورت,ألبان ومنتجاتها,361.0,22.3,29.0,2.7,0.0,295,0.5,0.2,0,"International, Dairy, Vegetarian, Gluten-Free, Keto-Friendly, High-Protein"
اطباق عربية 6,Shrimp,جمبري,أسماك ومأكولات بحرية,88.0,19.5,0.9,0.5,0.0,15,3.8,1.1,0,"International, Seafood, Gluten-Free, Keto-Friendly, Healthy, High-Protein, Low-Calorie"
اطباق عربية 6,Shrimp boiled,جمبري مسلوق,أسماك ومأكولات بحرية,116.0,25.0,1.1,1.5,0.0,20,3.8,1.1,0,"International, Seafood, Gluten-Free, Keto-Friendly, Healthy, High-Protein"
اطباق عربية 6,Sole,سمك موسى,أسماك ومأكولات بحرية,88.0,18.0,1.6,0.3,0.0,27,2.0,0.5,0,"International, Seafood, Gluten-Free, Keto-Friendly, Healthy, High-Protein, Low-Calorie"
اطباق عربية 6,Sole fried,سمك موسى مقلي,أسماك ومأكولات بحرية,262.0,21.5,15.2,9.8,0.0,31,2.0,1.5,0,"International, Seafood, Gluten-Free, High-Protein"
اطباق عربية 6,Tilapia,سمك بلطي,أسماك ومأكولات بحرية,94.0,19.0,2.0,0.0,0.0,25,3.1,0.4,0,"International, Seafood, Gluten-Free, Keto-Friendly, Healthy, High-Protein, Low-Calorie"
اطباق عربية 6,Tilapia fried,سمك بلطي مقلي,أسماك ومأكولات بحرية,233.0,20.0,15.0,4.4,0.0,-,3.1,1.5,-,"International, Seafood, Gluten-Free, Keto-Friendly, High-Protein"
اطباق عربية 6,Tilapia grilled,سمك بلطي مشوي,أسماك ومأكولات بحرية,121.0,22.5,2.6,1.9,0.0,25,3.1,0.4,0,"International, Seafood, Gluten-Free, Keto-Friendly, Healthy, High-Protein"
اطباق عربية 6,Tuna canned,سمك تونة معلب,أسماك ومأكولات بحرية,267.0,24.6,18.5,0.4,0.0,28,5.0,1.0,0,"Western, Seafood, Gluten-Free, Keto-Friendly, High-Protein"
اطباق عربية 6,Butter (unsalted),زبدة,زيوت ودهون,742.0,0.7,82.0,0.3,0.0,727,1.5,2.3,0,"International, Dairy, Vegetarian, Gluten-Free, Keto-Friendly"
اطباق عربية 6,Butter oil (ghee),سمن بلدي,زيوت ودهون,896.0,0.2,99.5,0.0,0.0,833,1.5,2.8,0,"International, Dairy, Vegetarian, Gluten-Free, Keto-Friendly"
اطباق عربية 6,Cheese camembert,جبن كاممبرت,ألبان ومنتجاتها,301.0,20.0,23.9,1.5,0.0,280,0.4,0.2,0,"International, Dairy, Vegetarian, Gluten-Free, Keto-Friendly, High-Protein"
اطباق عربية 6,Fish finger fried,اصابع سمك مقلي,أسماك ومأكولات بحرية,252.0,12.0,13.4,20.9,0.0,T,1.0,1.5,-,"International, Seafood, Gluten-Free"
اطباق عربية 6,Herring smoked,رنجة مدخنة,أسماك ومأكولات بحرية,200.0,20.0,12.9,0.9,0.0,15,4.2,1.0,0,"International, Seafood, Gluten-Free, Keto-Friendly, Healthy, High-Protein"
اطباق عربية 6,Lizard fish,سمك مكرونة,أسماك ومأكولات بحرية,95.0,19.4,1.5,0.9,0.0,0,2.0,0.5,0,"Western, Seafood, Healthy, High-Protein, Low-Calorie"
اطباق عربية 6,Lizard fish fried,سمك مكرونة مقلي,أسماك ومأكولات بحرية,248.0,23.2,14.4,6.5,0.0,0,2.0,1.5,0,"Western, Seafood, High-Protein"
اطباق عربية 6,Mackerel canned,سمك ماكريل معلب,أسماك ومأكولات بحرية,215.0,20.0,15.0,0.1,0.0,38,10.0,1.5,0,"International, Seafood, Gluten-Free, Keto-Friendly, Healthy, High-Protein"
اطباق عربية 6,Mullet,سمك بوري,أسماك ومأكولات بحرية,133.0,19.0,6.3,0.0,0.0,24,2.0,0.5,1,"International, Seafood, Gluten-Free, Keto-Friendly, Healthy, High-Protein"
اطباق عربية 6,Mullet grilled,سمك بوري مشوي,أسماك ومأكولات بحرية,151.0,21.5,6.7,1.2,0.0,31,2.0,0.5,0,"International, Seafood, Gluten-Free, Keto-Friendly, Healthy, High-Protein"
اطباق عربية 6,Mullet salted,فسيخ,أسماك ومأكولات بحرية,154.0,20.8,7.8,0.1,0.0,14,2.0,0.5,0,"International, Seafood, Gluten-Free, Keto-Friendly, Healthy, High-Protein"
اطباق عربية 6,Sardines,سمك سردين,أسماك ومأكولات بحرية,156.0,19.2,8.8,0.0,0.0,13,4.8,2.0,0,"International, Seafood, Gluten-Free, Keto-Friendly, Healthy, High-Protein"
اطباق عربية 6,Sardines canned,سمك سردين معلب,أسماك ومأكولات بحرية,227.0,22.0,15.4,0.1,0.0,15,4.8,2.0,0,"International, Seafood, Gluten-Free, Keto-Friendly, Healthy, High-Protein"
اطباق عربية 6,Sardine grilled,سمك سردين مشوي,أسماك ومأكولات بحرية,180.0,22.5,9.2,1.7,0.0,16,4.8,2.0,0,"International, Seafood, Gluten-Free, Keto-Friendly, Healthy, High-Protein"
اطباق عربية 6,Sardines salted,سمك سردين مملح,أسماك ومأكولات بحرية,218.0,23.3,13.5,0.8,0.0,15,4.8,2.0,0,"International, Seafood, Gluten-Free, Keto-Friendly, Healthy, High-Protein"
اطباق عربية 6,Eggs chicken yolk,صفار بيض دجاج,بيض,343.0,16.5,30.2,1.2,0.0,384,5.4,2.6,0,"International, Poultry, Egg, Gluten-Free, Keto-Friendly, High-Protein"
اطباق عربية 6,Eggs duck whole,بيض بط كامل,بيض,177.0,13.5,13.3,0.7,0.0,178,1.7,1.3,0,"International, Meat, Egg, Gluten-Free, Keto-Friendly, Healthy, High-Protein"
اطباق عربية 6,Omelet (Ijaa),بيض مقلي / عجة,بيض,148.0,9.9,10.5,3.5,0.5,-,2.0,1.5,-,"International, Egg, Vegetarian, Gluten-Free, Keto-Friendly, High-Protein"
اطباق عربية 6,Bream,سمك دنيس,أسماك ومأكولات بحرية,100.0,19.4,2.4,0.3,0.0,21,2.0,0.5,0,"International, Seafood, Gluten-Free, Keto-Friendly, Healthy, High-Protein"
اطباق عربية 6,Bream golden,مرجان,أسماك ومأكولات بحرية,79.0,17.6,1.0,0.0,0.0,18,2.0,0.5,0,"International, Seafood, Gluten-Free, Keto-Friendly, Healthy, High-Protein, Low-Calorie"
اطباق عربية 6,Catfish bayad,سمك بياض,أسماك ومأكولات بحرية,102.0,18.7,3.0,0.0,0.0,13,12.5,0.5,2,"International, Seafood, Gluten-Free, Keto-Friendly, Healthy, High-Protein"
اطباق عربية 6,Catfish river,سمك قرموط,أسماك ومأكولات بحرية,81.0,16.4,1.5,0.5,0.0,17,12.5,0.5,0,"International, Seafood, Gluten-Free, Keto-Friendly, Healthy, High-Protein, Low-Calorie"
اطباق عربية 6,Catfish scaled,سمك قشر بياض,أسماك ومأكولات بحرية,112.0,18.1,4.0,0.8,0.0,10,12.5,0.5,2,"International, Seafood, Gluten-Free, Keto-Friendly, Healthy, High-Protein"
اطباق عربية 6,Catfish salted,ملوحة,أسماك ومأكولات بحرية,152.0,21.7,7.0,0.5,0.0,15,12.5,0.5,0,"International, Seafood, Gluten-Free, Keto-Friendly, Healthy, High-Protein"
اطباق عربية 6,Crab,كابوريا,أسماك ومأكولات بحرية,96.0,18.0,1.5,2.6,0.0,-,0.0,2.5,-,"International, Seafood, Gluten-Free, Keto-Friendly, Healthy, High-Protein, Low-Calorie"
اطباق عربية 6,Eel fish,سمك ثعابين,أسماك ومأكولات بحرية,166.0,19.0,10.0,0.0,0.0,-,23.3,2.0,-,"International, Seafood, Gluten-Free, Keto-Friendly, Healthy, High-Protein"
اطباق عربية 6,Lamb meat,لحم ضاني,لحوم ودواجن,249.0,16.5,20.3,0.0,0.0,9,0.1,0.2,0,"International, Meat, Gluten-Free, Keto-Friendly, Healthy, High-Protein"
اطباق عربية 6,Lamb meat (Kabab),كباب ضاني,لحوم ودواجن,273.0,23.0,19.3,1.8,0.0,T,0.1,0.2,0,"International, Meat, Gluten-Free, Keto-Friendly, High-Protein"
اطباق عربية 6,Pigeon meat and skin,لحم حمام,لحوم ودواجن,251.0,20.0,19.0,0.0,0.0,-,0.1,0.2,0,"International, Meat, Gluten-Free, Keto-Friendly, High-Protein"
اطباق عربية 6,Pork meat,لحم خنزير,لحوم ودواجن,354.0,15.9,32.3,0.0,0.0,-,1.3,0.3,0,"International, Meat, Gluten-Free, Keto-Friendly, High-Protein"
اطباق عربية 6,Rabbit meat,لحم ارانب,لحوم ودواجن,133.0,20.7,5.6,0.0,0.0,5,0.1,0.1,0,"International, Meat, Gluten-Free, Keto-Friendly, Healthy, High-Protein"
اطباق عربية 6,Turkey frankfurter,فرانكفورتر رومي,لحوم ودواجن,187.0,19.0,9.9,5.5,1.1,T,0.3,0.2,0,"International, Meat, Keto-Friendly, Healthy, High-Protein"
اطباق عربية 6,Turkey luncheon,لانشون رومي,لحوم ودواجن,129.0,20.0,3.5,4.4,1.1,T,0.3,0.2,0,"Western, Meat, Keto-Friendly, High-Protein"
اطباق عربية 6,Turkey meat and skin,لحم رومي,لحوم ودواجن,151.0,21.0,7.4,0.0,0.0,T,0.3,0.2,0,"International, Meat, Gluten-Free, Keto-Friendly, Healthy, High-Protein"
اطباق عربية 6,Veal meat,لحم بتلو,لحوم ودواجن,123.0,18.7,5.4,0.0,0.0,3,0.1,0.2,0,"International, Meat, Gluten-Free, Keto-Friendly, Healthy, High-Protein"
اطباق عربية 6,Eggs chicken whole,بيض دجاج كامل,بيض,149.0,12.6,10.8,0.3,0.0,128,2.0,1.0,0,"International, Poultry, Egg, Gluten-Free, Keto-Friendly, Healthy, High-Protein"
اطباق عربية 6,Eggs chicken white,بياض بيض دجاج,بيض,46.0,11.0,0.1,0.2,0.0,0,0.0,0.0,0,"International, Poultry, Egg, Gluten-Free, Keto-Friendly, Healthy, High-Protein, Low-Calorie"